[Licensing::Module] Trying to connect to existing licensing client channel...
Built from '6000.2/respin/6000.2.0f1-517f89d850d1' branch; Version is '6000.2.0f1 (eed1c594c913) revision 15651269'; Using compiler version '194234433'; Build Type 'Release'
OS: 'Windows 11  (10.0.26100) 64bit Professional' Language: 'en' Physical Memory: 16056 MB
BatchMode: 1, IsHumanControllingUs: 0, StartBugReporterOnCrash: 0, Is64bit: 1
Date: 2025-08-26T22:41:33Z
[Licensing::IpcConnector] Successfully connected to: "LicenseClient-Pumpk" at "2025-08-26T22:41:33.0366324Z"

COMMAND LINE ARGUMENTS:
E:\Programs\6000.2.0f1\Editor\Unity.exe
-adb2
-batchMode
-noUpm
-name
AssetImportWorker2
-projectPath
C:/Users/Pumpk/Desktop/Unreliable Narrator Jam/GamJam---Unreliable-Narrator/Unreliable Narrator
-logFile
Logs/AssetImportWorker2.log
-srvPort
51088
-licensingIpc
LicenseClient-Pumpk
-job-worker-count
7
-background-job-worker-count
8
-gc-helper-count
1
-name
AssetImport
Successfully changed project path to: C:/Users/Pumpk/Desktop/Unreliable Narrator Jam/GamJam---Unreliable-Narrator/Unreliable Narrator
C:/Users/Pumpk/Desktop/Unreliable Narrator Jam/GamJam---Unreliable-Narrator/Unreliable Narrator
[UnityMemory] Configuration Parameters - Can be set up in boot.config
    "memorysetup-allocator-temp-initial-block-size-main=262144"
    "memorysetup-allocator-temp-initial-block-size-worker=262144"
    "memorysetup-bucket-allocator-granularity=16"
    "memorysetup-bucket-allocator-bucket-count=8"
    "memorysetup-bucket-allocator-block-size=33554432"
    "memorysetup-bucket-allocator-block-count=8"
    "memorysetup-main-allocator-block-size=16777216"
    "memorysetup-thread-allocator-block-size=16777216"
    "memorysetup-gfx-main-allocator-block-size=16777216"
    "memorysetup-gfx-thread-allocator-block-size=16777216"
    "memorysetup-cache-allocator-block-size=4194304"
    "memorysetup-typetree-allocator-block-size=2097152"
    "memorysetup-profiler-bucket-allocator-granularity=16"
    "memorysetup-profiler-bucket-allocator-bucket-count=8"
    "memorysetup-profiler-bucket-allocator-block-size=33554432"
    "memorysetup-profiler-bucket-allocator-block-count=8"
    "memorysetup-profiler-allocator-block-size=16777216"
    "memorysetup-profiler-editor-allocator-block-size=1048576"
    "memorysetup-temp-allocator-size-main=16777216"
    "memorysetup-job-temp-allocator-block-size=2097152"
    "memorysetup-job-temp-allocator-block-size-background=1048576"
    "memorysetup-job-temp-allocator-reduction-small-platforms=262144"
    "memorysetup-temp-allocator-size-background-worker=32768"
    "memorysetup-temp-allocator-size-job-worker=262144"
    "memorysetup-temp-allocator-size-preload-manager=33554432"
    "memorysetup-temp-allocator-size-nav-mesh-worker=65536"
    "memorysetup-temp-allocator-size-audio-worker=65536"
    "memorysetup-temp-allocator-size-cloud-worker=32768"
    "memorysetup-temp-allocator-size-gi-baking-worker=262144"
    "memorysetup-temp-allocator-size-gi-baking-worker=262144"
    "memorysetup-temp-allocator-size-gi-baking-worker=262144"
    "memorysetup-temp-allocator-size-gi-baking-worker=262144"
    "memorysetup-temp-allocator-size-gi-baking-worker=262144"
    "memorysetup-temp-allocator-size-gfx=262144"
Player connection [97416]  Target information:

Player connection [97416]  * "[IP] 192.168.1.84 [Port] 0 [Flags] 2 [Guid] 3906856571 [EditorId] 3906856571 [Version] 1048832 [Id] WindowsEditor(7,TheBear) [Debug] 1 [PackageName] WindowsEditor [ProjectName] Editor" 

Player connection [97416]  * "[IP] 192.168.56.1 [Port] 0 [Flags] 2 [Guid] 3906856571 [EditorId] 3906856571 [Version] 1048832 [Id] WindowsEditor(7,TheBear) [Debug] 1 [PackageName] WindowsEditor [ProjectName] Editor" 

Player connection [97416] Host joined multi-casting on [225.0.0.222:54997]...
Player connection [97416] Host joined alternative multi-casting on [225.0.0.222:34997]...
JobSystem: Creating JobQueue using job-worker-count value 7
Input System module state changed to: Initialized.
[Physics::Module] Initialized fallback backend.
[Physics::Module] Id: 0xdecafbad
[Licensing::Client] Code 10 while verifying Licensing Client signature (process Id: 23440, path: "E:/Programs/Unity Hub/UnityLicensingClient_V1/Unity.Licensing.Client.exe")
[Licensing::Module] LicensingClient has failed validation; ignoring
[Licensing::Client] Error: HandshakeResponse reported an error:
	ResponseCode: 505
	ResponseStatus: Unsupported protocol version '1.17.1'.
[Licensing::Module] Error: Failed to handshake to channel: "LicenseClient-Pumpk"
[Licensing::IpcConnector] LicenseClient-Pumpk channel disconnected successfully.
[Licensing::IpcConnector] Successfully connected to: "LicenseClient-Pumpk-6000.2.0" at "2025-08-26T22:41:33.077884Z"
[Licensing::Client] Code 10 while verifying Licensing Client signature (process Id: 43896, path: "E:/Programs/6000.2.0f1/Editor/Data/Resources/Licensing/Client/Unity.Licensing.Client.exe")
[Licensing::Module] LicensingClient has failed validation; ignoring
[Licensing::Client] Handshaking with LicensingClient:
  Version:                 1.17.1+ae67fbc
  Session Id:              61ef8ebc5c1f425990453f3e0b8a8722
  Correlation Id:          b349f051403d70f08d31f44f78dfe20f
  External correlation Id: 6672858817395115449
  Machine Id:              GYvTfVGqF9Q0PG4PLXED1wkijrU=
[Licensing::Module] Successfully connected to LicensingClient on channel: "LicenseClient-Pumpk-6000.2.0" (connect: 0.00s, validation: 0.00s, handshake: 0.01s)
[Licensing::IpcConnector] Successfully connected to: "LicenseClient-Pumpk-6000.2.0-notifications" at "2025-08-26T22:41:33.0851265Z"
[Licensing::Module] Licensing Background thread has ended after 0.05s
Library Redirect Path: Library/
[Physics::Module] Selected backend.
[Physics::Module] Name: PhysX
[Physics::Module] Id: 0xf2b8ea05
[Physics::Module] SDK Version: 4.1.2
[Physics::Module] Integration Version: 1.0.0
[Physics::Module] Threading Mode: Multi-Threaded
Refreshing native plugins compatible for Editor in 2.97 ms, found 4 plugins.
Preloading 0 native plugins for Editor in 0.00 ms.
Initialize engine version: 6000.2.0f1 (eed1c594c913)
[Subsystems] Discovering subsystems at path E:/Programs/6000.2.0f1/Editor/Data/Resources/UnitySubsystems
[Subsystems] Discovering subsystems at path C:/Users/Pumpk/Desktop/Unreliable Narrator Jam/GamJam---Unreliable-Narrator/Unreliable Narrator/Assets
GfxDevice: creating device client; kGfxThreadingModeNonThreaded
Direct3D:
    Version:         Direct3D 12 [level 12.1]
    Renderer:        NVIDIA GeForce GTX 1650 SUPER (ID=0x2187)
    Vendor:          NVIDIA
    VRAM:            3930 MB
    App VRAM Budget: 3340 MB
    Driver:          32.0.15.7216
Initialize mono
Mono path[0] = 'E:/Programs/6000.2.0f1/Editor/Data/Managed'
Mono path[1] = 'E:/Programs/6000.2.0f1/Editor/Data/MonoBleedingEdge/lib/mono/unityjit-win32'
Mono config path = 'E:/Programs/6000.2.0f1/Editor/Data/MonoBleedingEdge/etc'
Using monoOptions --debugger-agent=transport=dt_socket,embedding=1,server=y,suspend=n,address=127.0.0.1:56544
Begin MonoManager ReloadAssembly
Registering precompiled unity dll's ...
Register platform support module: E:/Programs/6000.2.0f1/Editor/Data/PlaybackEngines/WindowsStandaloneSupport/UnityEditor.WindowsStandalone.Extensions.dll
Registered in 0.002051 seconds.
- Loaded All Assemblies, in  0.534 seconds
Native extension for WindowsStandalone target not found
Mono: successfully reloaded assembly
- Finished resetting the current domain, in  0.323 seconds
Domain Reload Profiling: 857ms
	BeginReloadAssembly (219ms)
		ExecutionOrderSort (0ms)
		DisableScriptedObjects (0ms)
		BackupInstance (0ms)
		ReleaseScriptingObjects (0ms)
		CreateAndSetChildDomain (1ms)
	RebuildCommonClasses (46ms)
	RebuildNativeTypeToScriptingClass (14ms)
	initialDomainReloadingComplete (56ms)
	LoadAllAssembliesAndSetupDomain (199ms)
		LoadAssemblies (204ms)
		RebuildTransferFunctionScriptingTraits (0ms)
		AnalyzeDomain (194ms)
			TypeCache.Refresh (193ms)
				TypeCache.ScanAssembly (177ms)
			BuildScriptInfoCaches (0ms)
			ResolveRequiredComponents (0ms)
	FinalizeReload (324ms)
		ReleaseScriptCaches (0ms)
		RebuildScriptCaches (0ms)
		SetupLoadedEditorAssemblies (274ms)
			LogAssemblyErrors (0ms)
			InitializePlatformSupportModulesInManaged (44ms)
			SetLoadedEditorAssemblies (4ms)
			BeforeProcessingInitializeOnLoad (60ms)
			ProcessInitializeOnLoadAttributes (117ms)
			ProcessInitializeOnLoadMethodAttributes (48ms)
			AfterProcessingInitializeOnLoad (0ms)
			EditorAssembliesLoaded (0ms)
		ExecutionOrderSort2 (0ms)
		AwakeInstancesAfterBackupRestoration (0ms)
========================================================================
Worker process is ready to serve import requests
Import Worker Mode flag is 0x00
Begin MonoManager ReloadAssembly
[Licensing::Client] Successfully resolved entitlement details
[Licensing::Module] License group:
  Id: F4-TWEP-24VP-ZS6R-YX9T-XXXX
  Product: Unity Personal
  Type: ULF
  Expiration: Unlimited
[Licensing::Module] License group:
  Id: 20066262259733-UnityPersXXXX
  Product: Unity Personal
  Type: Assigned
  Expiration: Unlimited
- Loaded All Assemblies, in  0.871 seconds
Refreshing native plugins compatible for Editor in 3.04 ms, found 4 plugins.
Native extension for WindowsStandalone target not found
Mono: successfully reloaded assembly
- Finished resetting the current domain, in  1.019 seconds
Domain Reload Profiling: 1889ms
	BeginReloadAssembly (236ms)
		ExecutionOrderSort (0ms)
		DisableScriptedObjects (7ms)
		BackupInstance (0ms)
		ReleaseScriptingObjects (0ms)
		CreateAndSetChildDomain (43ms)
	RebuildCommonClasses (34ms)
	RebuildNativeTypeToScriptingClass (11ms)
	initialDomainReloadingComplete (42ms)
	LoadAllAssembliesAndSetupDomain (546ms)
		LoadAssemblies (404ms)
		RebuildTransferFunctionScriptingTraits (0ms)
		AnalyzeDomain (277ms)
			TypeCache.Refresh (186ms)
				TypeCache.ScanAssembly (172ms)
			BuildScriptInfoCaches (70ms)
			ResolveRequiredComponents (12ms)
	FinalizeReload (1020ms)
		ReleaseScriptCaches (0ms)
		RebuildScriptCaches (0ms)
		SetupLoadedEditorAssemblies (822ms)
			LogAssemblyErrors (0ms)
			InitializePlatformSupportModulesInManaged (3ms)
			SetLoadedEditorAssemblies (8ms)
			BeforeProcessingInitializeOnLoad (163ms)
			ProcessInitializeOnLoadAttributes (504ms)
			ProcessInitializeOnLoadMethodAttributes (141ms)
			AfterProcessingInitializeOnLoad (3ms)
			EditorAssembliesLoaded (0ms)
		ExecutionOrderSort2 (0ms)
		AwakeInstancesAfterBackupRestoration (7ms)
Launched and connected shader compiler UnityShaderCompiler.exe after 0.01 seconds
Refreshing native plugins compatible for Editor in 1.92 ms, found 4 plugins.
Preloading 0 native plugins for Editor in 0.00 ms.
Unloading 14 Unused Serialized files (Serialized files now loaded: 0)
Unloading 6739 unused Assets / (5.1 MB). Loaded Objects now: 7465.
Memory consumption went from 142.2 MB to 137.2 MB.
Total: 16.987400 ms (FindLiveObjects: 0.924200 ms CreateObjectMapping: 1.021600 ms MarkObjects: 8.669500 ms  DeleteObjects: 6.370700 ms)

========================================================================
Received Import Request.
  Time since last request: 1177886.478330 seconds.
  path: Packages/com.unity.render-pipelines.universal/Runtime/Materials/PhysicalMaterial3DsMax/PhysicalMaterial3DsMax.shadergraph
  artifactKey: Guid(44245ab89240f51459a5077d7145c452) Importer(815301076,1909f56bfc062723c751e8b465ee728b)
Start importing Packages/com.unity.render-pipelines.universal/Runtime/Materials/PhysicalMaterial3DsMax/PhysicalMaterial3DsMax.shadergraph using Guid(44245ab89240f51459a5077d7145c452) Importer(815301076,1909f56bfc062723c751e8b465ee728b) (PreviewImporter) -> (artifact id: '76b1f06f250077b09cdf2c44e9e09141') in 1.1352085 seconds
Number of updated asset objects reloaded before import = 0Number of asset objects unloaded after import = 5

========================================================================
Received Import Request.
  Time since last request: 0.175067 seconds.
  path: Packages/com.unity.searcher/Editor/Resources/FlatSkin/Font/Roboto-Regular.ttf
  artifactKey: Guid(30dc370b164eefc43b95744fc796dad0) Importer(815301076,1909f56bfc062723c751e8b465ee728b)
Start importing Packages/com.unity.searcher/Editor/Resources/FlatSkin/Font/Roboto-Regular.ttf using Guid(30dc370b164eefc43b95744fc796dad0) Importer(815301076,1909f56bfc062723c751e8b465ee728b) (PreviewImporter) -> (artifact id: '40e495a2b5ee6688bf7fd0a42eba8031') in 0.0510894 seconds
Number of updated asset objects reloaded before import = 0Number of asset objects unloaded after import = 4

========================================================================
Received Import Request.
  Time since last request: 0.000061 seconds.
  path: Packages/com.unity.searcher/Editor/Resources/FlatSkin/Font/Roboto-Italic.ttf
  artifactKey: Guid(c839255fc8f6b4b4d90bf8c1af9f9bd1) Importer(815301076,1909f56bfc062723c751e8b465ee728b)
Start importing Packages/com.unity.searcher/Editor/Resources/FlatSkin/Font/Roboto-Italic.ttf using Guid(c839255fc8f6b4b4d90bf8c1af9f9bd1) Importer(815301076,1909f56bfc062723c751e8b465ee728b) (PreviewImporter) -> (artifact id: 'b1684c1aacdba856caec53c40ce3d9d9') in 0.0147353 seconds
Number of updated asset objects reloaded before import = 0Number of asset objects unloaded after import = 4

========================================================================
Received Import Request.
  Time since last request: 0.168138 seconds.
  path: Packages/com.unity.searcher/Editor/Resources/FlatSkin/Font/Roboto-MediumItalic.ttf
  artifactKey: Guid(d93c1bc57fdf1ac4dad1bf04fac05464) Importer(815301076,1909f56bfc062723c751e8b465ee728b)
Start importing Packages/com.unity.searcher/Editor/Resources/FlatSkin/Font/Roboto-MediumItalic.ttf using Guid(d93c1bc57fdf1ac4dad1bf04fac05464) Importer(815301076,1909f56bfc062723c751e8b465ee728b) (PreviewImporter) -> (artifact id: '82abc9c44ebbd90292c3ed8755eb1282') in 0.0193098 seconds
Number of updated asset objects reloaded before import = 0Number of asset objects unloaded after import = 4

========================================================================
Received Import Request.
  Time since last request: 0.000026 seconds.
  path: Packages/com.unity.render-pipelines.universal/Shaders/AutodeskInteractive/AutodeskInteractiveMasked.shadergraph
  artifactKey: Guid(80aa867ac363ac043847b06ad71604cd) Importer(815301076,1909f56bfc062723c751e8b465ee728b)
Start importing Packages/com.unity.render-pipelines.universal/Shaders/AutodeskInteractive/AutodeskInteractiveMasked.shadergraph using Guid(80aa867ac363ac043847b06ad71604cd) Importer(815301076,1909f56bfc062723c751e8b465ee728b) (PreviewImporter) -> (artifact id: '32c406e86714f71d9c5103724868fb1c') in 0.5173732 seconds
Number of updated asset objects reloaded before import = 0Number of asset objects unloaded after import = 0

========================================================================
Received Import Request.
  Time since last request: 0.510377 seconds.
  path: Packages/com.unity.render-pipelines.universal/Runtime/Materials/ArnoldStandardSurface/ArnoldStandardSurface.shadergraph
  artifactKey: Guid(3739e562a03fc0b4982d8aa66cc50865) Importer(815301076,1909f56bfc062723c751e8b465ee728b)
Start importing Packages/com.unity.render-pipelines.universal/Runtime/Materials/ArnoldStandardSurface/ArnoldStandardSurface.shadergraph using Guid(3739e562a03fc0b4982d8aa66cc50865) Importer(815301076,1909f56bfc062723c751e8b465ee728b) (PreviewImporter) -> (artifact id: '6a6932fbc416035cda52e536b674f352') in 0.3502772 seconds
Number of updated asset objects reloaded before import = 0Number of asset objects unloaded after import = 5

========================================================================
Received Import Request.
  Time since last request: 160.382193 seconds.
  path: Assets/Checkerboard_pattern.svg.png
  artifactKey: Guid(fa295df49b580b14583b9912caeb493b) Importer(815301076,1909f56bfc062723c751e8b465ee728b)
Start importing Assets/Checkerboard_pattern.svg.png using Guid(fa295df49b580b14583b9912caeb493b) Importer(815301076,1909f56bfc062723c751e8b465ee728b) (PreviewImporter) -> (artifact id: '8dc0f557b7e50995878435c28a011036') in 0.0524974 seconds
Number of updated asset objects reloaded before import = 0Number of asset objects unloaded after import = 3

========================================================================
Received Import Request.
  Time since last request: 18.189699 seconds.
  path: Assets/Checkerboard_pattern.svg.png
  artifactKey: Guid(fa295df49b580b14583b9912caeb493b) Importer(815301076,1909f56bfc062723c751e8b465ee728b)
Start importing Assets/Checkerboard_pattern.svg.png using Guid(fa295df49b580b14583b9912caeb493b) Importer(815301076,1909f56bfc062723c751e8b465ee728b) (PreviewImporter) -> (artifact id: 'c1ab89bfe987964fca4573c90a823b6a') in 0.0190217 seconds
Number of updated asset objects reloaded before import = 0Number of asset objects unloaded after import = 3

========================================================================
Received Import Request.
  Time since last request: 155.229027 seconds.
  path: Assets/Sprite-0001.png
  artifactKey: Guid(ecf538ef9f87a5c40a23cdd91f0696e7) Importer(815301076,1909f56bfc062723c751e8b465ee728b)
Start importing Assets/Sprite-0001.png using Guid(ecf538ef9f87a5c40a23cdd91f0696e7) Importer(815301076,1909f56bfc062723c751e8b465ee728b) (PreviewImporter) -> (artifact id: '771aba2ded324411b331273bca1a3050') in 0.0184701 seconds
Number of updated asset objects reloaded before import = 0Number of asset objects unloaded after import = 3

========================================================================
Received Import Request.
  Time since last request: 102.422739 seconds.
  path: Assets/New Tile Palette.prefab
  artifactKey: Guid(f6e1b74cb37de384db489b67580f3e6d) Importer(815301076,1909f56bfc062723c751e8b465ee728b)
Start importing Assets/New Tile Palette.prefab using Guid(f6e1b74cb37de384db489b67580f3e6d) Importer(815301076,1909f56bfc062723c751e8b465ee728b) (PreviewImporter) -> (artifact id: '7f771a9b22caaf1b5b4ad7fa52e5bce3') in 0.0310075 seconds
Number of updated asset objects reloaded before import = 0Number of asset objects unloaded after import = 10

========================================================================
Received Import Request.
  Time since last request: 0.188175 seconds.
  path: Assets/New Tile Palette.prefab
  artifactKey: Guid(f6e1b74cb37de384db489b67580f3e6d) Importer(815301076,1909f56bfc062723c751e8b465ee728b)
Start importing Assets/New Tile Palette.prefab using Guid(f6e1b74cb37de384db489b67580f3e6d) Importer(815301076,1909f56bfc062723c751e8b465ee728b) (PreviewImporter) -> (artifact id: '0f47c697f43d020d42f582b7747e9811') in 0.0389133 seconds
Number of updated asset objects reloaded before import = 0Number of asset objects unloaded after import = 13

========================================================================
Received Import Request.
  Time since last request: 16.290662 seconds.
  path: Assets/Sprite-0001.png
  artifactKey: Guid(ecf538ef9f87a5c40a23cdd91f0696e7) Importer(815301076,1909f56bfc062723c751e8b465ee728b)
Start importing Assets/Sprite-0001.png using Guid(ecf538ef9f87a5c40a23cdd91f0696e7) Importer(815301076,1909f56bfc062723c751e8b465ee728b) (PreviewImporter) -> (artifact id: '9e8666e45aad6931473c15401b673697') in 0.0154684 seconds
Number of updated asset objects reloaded before import = 0Number of asset objects unloaded after import = 3

========================================================================
Received Import Request.
  Time since last request: 0.000023 seconds.
  path: Assets/New Tile Palette.prefab
  artifactKey: Guid(f6e1b74cb37de384db489b67580f3e6d) Importer(815301076,1909f56bfc062723c751e8b465ee728b)
Start importing Assets/New Tile Palette.prefab using Guid(f6e1b74cb37de384db489b67580f3e6d) Importer(815301076,1909f56bfc062723c751e8b465ee728b) (PreviewImporter) -> (artifact id: 'eaeccf9f2ab173d4f08e9d320a145f99') in 0.0093711 seconds
Number of updated asset objects reloaded before import = 0Number of asset objects unloaded after import = 11

========================================================================
Received Import Request.
  Time since last request: 9.176441 seconds.
  path: Assets/New Tile Palette.prefab
  artifactKey: Guid(f6e1b74cb37de384db489b67580f3e6d) Importer(815301076,1909f56bfc062723c751e8b465ee728b)
Start importing Assets/New Tile Palette.prefab using Guid(f6e1b74cb37de384db489b67580f3e6d) Importer(815301076,1909f56bfc062723c751e8b465ee728b) (PreviewImporter) -> (artifact id: '7663c7cce380ab45d11b72752f87301b') in 0.0085008 seconds
Number of updated asset objects reloaded before import = 0Number of asset objects unloaded after import = 11

========================================================================
Received Import Request.
  Time since last request: 1.123113 seconds.
  path: Assets/New Tile Palette.prefab
  artifactKey: Guid(f6e1b74cb37de384db489b67580f3e6d) Importer(815301076,1909f56bfc062723c751e8b465ee728b)
Start importing Assets/New Tile Palette.prefab using Guid(f6e1b74cb37de384db489b67580f3e6d) Importer(815301076,1909f56bfc062723c751e8b465ee728b) (PreviewImporter) -> (artifact id: '44589c9f27ce1f9121d00be6d11af675') in 0.0088293 seconds
Number of updated asset objects reloaded before import = 0Number of asset objects unloaded after import = 11

========================================================================
Received Import Request.
  Time since last request: 19.004314 seconds.
  path: Assets/New Tile Palette.prefab
  artifactKey: Guid(f6e1b74cb37de384db489b67580f3e6d) Importer(815301076,1909f56bfc062723c751e8b465ee728b)
Start importing Assets/New Tile Palette.prefab using Guid(f6e1b74cb37de384db489b67580f3e6d) Importer(815301076,1909f56bfc062723c751e8b465ee728b) (PreviewImporter) -> (artifact id: 'a4566d9bb2c259c49f9ba283c1e980f7') in 0.0090393 seconds
Number of updated asset objects reloaded before import = 0Number of asset objects unloaded after import = 11

========================================================================
Received Import Request.
  Time since last request: 1.990308 seconds.
  path: Assets/New Tile Palette.prefab
  artifactKey: Guid(f6e1b74cb37de384db489b67580f3e6d) Importer(815301076,1909f56bfc062723c751e8b465ee728b)
Start importing Assets/New Tile Palette.prefab using Guid(f6e1b74cb37de384db489b67580f3e6d) Importer(815301076,1909f56bfc062723c751e8b465ee728b) (PreviewImporter) -> (artifact id: '68c0e3f3b0e41d9d14743ff4f85cedae') in 0.0090964 seconds
Number of updated asset objects reloaded before import = 0Number of asset objects unloaded after import = 11

========================================================================
Received Import Request.
  Time since last request: 34.557518 seconds.
  path: Assets/New Tile Palette.prefab
  artifactKey: Guid(f6e1b74cb37de384db489b67580f3e6d) Importer(815301076,1909f56bfc062723c751e8b465ee728b)
Start importing Assets/New Tile Palette.prefab using Guid(f6e1b74cb37de384db489b67580f3e6d) Importer(815301076,1909f56bfc062723c751e8b465ee728b) (PreviewImporter) -> (artifact id: '2745ef677cc8959ee40e7f25866fd4c3') in 0.0165679 seconds
Number of updated asset objects reloaded before import = 0Number of asset objects unloaded after import = 10

========================================================================
Received Import Request.
  Time since last request: 0.024566 seconds.
  path: Assets/New Tile Palette.prefab
  artifactKey: Guid(f6e1b74cb37de384db489b67580f3e6d) Importer(815301076,1909f56bfc062723c751e8b465ee728b)
Start importing Assets/New Tile Palette.prefab using Guid(f6e1b74cb37de384db489b67580f3e6d) Importer(815301076,1909f56bfc062723c751e8b465ee728b) (PreviewImporter) -> (artifact id: 'f5c6d1e98aadaffc6bec2e79e4abe34b') in 0.0086374 seconds
Number of updated asset objects reloaded before import = 0Number of asset objects unloaded after import = 13

========================================================================
Received Import Request.
  Time since last request: 45.730640 seconds.
  path: Assets/New Tile Palette.prefab
  artifactKey: Guid(f6e1b74cb37de384db489b67580f3e6d) Importer(815301076,1909f56bfc062723c751e8b465ee728b)
Start importing Assets/New Tile Palette.prefab using Guid(f6e1b74cb37de384db489b67580f3e6d) Importer(815301076,1909f56bfc062723c751e8b465ee728b) (PreviewImporter) -> (artifact id: 'e1907758a20b2a216246d712b15b2165') in 0.0150972 seconds
Number of updated asset objects reloaded before import = 0Number of asset objects unloaded after import = 13

========================================================================
Received Import Request.
  Time since last request: 1.893524 seconds.
  path: Assets/New Tile Palette.prefab
  artifactKey: Guid(f6e1b74cb37de384db489b67580f3e6d) Importer(815301076,1909f56bfc062723c751e8b465ee728b)
Start importing Assets/New Tile Palette.prefab using Guid(f6e1b74cb37de384db489b67580f3e6d) Importer(815301076,1909f56bfc062723c751e8b465ee728b) (PreviewImporter) -> (artifact id: '3455165dd3987bff6fd4b6b88d95293c') in 0.0093871 seconds
Number of updated asset objects reloaded before import = 0Number of asset objects unloaded after import = 13

========================================================================
Received Import Request.
  Time since last request: 2.149529 seconds.
  path: Assets/New Tile Palette.prefab
  artifactKey: Guid(f6e1b74cb37de384db489b67580f3e6d) Importer(815301076,1909f56bfc062723c751e8b465ee728b)
Start importing Assets/New Tile Palette.prefab using Guid(f6e1b74cb37de384db489b67580f3e6d) Importer(815301076,1909f56bfc062723c751e8b465ee728b) (PreviewImporter) -> (artifact id: '6f663041598dd31974699344fe6f00cc') in 0.0084881 seconds
Number of updated asset objects reloaded before import = 0Number of asset objects unloaded after import = 13

========================================================================
Received Import Request.
  Time since last request: 1.228485 seconds.
  path: Assets/New Tile Palette.prefab
  artifactKey: Guid(f6e1b74cb37de384db489b67580f3e6d) Importer(815301076,1909f56bfc062723c751e8b465ee728b)
Start importing Assets/New Tile Palette.prefab using Guid(f6e1b74cb37de384db489b67580f3e6d) Importer(815301076,1909f56bfc062723c751e8b465ee728b) (PreviewImporter) -> (artifact id: 'c4d4feb6da035b907b8243125d12ffde') in 0.0092032 seconds
Number of updated asset objects reloaded before import = 0Number of asset objects unloaded after import = 13

========================================================================
Received Import Request.
  Time since last request: 1.271777 seconds.
  path: Assets/New Tile Palette.prefab
  artifactKey: Guid(f6e1b74cb37de384db489b67580f3e6d) Importer(815301076,1909f56bfc062723c751e8b465ee728b)
Start importing Assets/New Tile Palette.prefab using Guid(f6e1b74cb37de384db489b67580f3e6d) Importer(815301076,1909f56bfc062723c751e8b465ee728b) (PreviewImporter) -> (artifact id: 'b2b9db11f11a70330d06952f0d678ebc') in 0.0101761 seconds
Number of updated asset objects reloaded before import = 0Number of asset objects unloaded after import = 13

========================================================================
Received Import Request.
  Time since last request: 4.362924 seconds.
  path: Assets/New Tile Palette.prefab
  artifactKey: Guid(f6e1b74cb37de384db489b67580f3e6d) Importer(815301076,1909f56bfc062723c751e8b465ee728b)
Start importing Assets/New Tile Palette.prefab using Guid(f6e1b74cb37de384db489b67580f3e6d) Importer(815301076,1909f56bfc062723c751e8b465ee728b) (PreviewImporter) -> (artifact id: '4e48ffcc7eb0e05e04ff2a8418d46bda') in 0.0092011 seconds
Number of updated asset objects reloaded before import = 0Number of asset objects unloaded after import = 13

========================================================================
Received Import Request.
  Time since last request: 1.236888 seconds.
  path: Assets/New Tile Palette.prefab
  artifactKey: Guid(f6e1b74cb37de384db489b67580f3e6d) Importer(815301076,1909f56bfc062723c751e8b465ee728b)
Start importing Assets/New Tile Palette.prefab using Guid(f6e1b74cb37de384db489b67580f3e6d) Importer(815301076,1909f56bfc062723c751e8b465ee728b) (PreviewImporter) -> (artifact id: '66d0967a87234a12a7c3a9f0d6278c1e') in 0.0093116 seconds
Number of updated asset objects reloaded before import = 0Number of asset objects unloaded after import = 13

========================================================================
Received Import Request.
  Time since last request: 1.257090 seconds.
  path: Assets/New Tile Palette.prefab
  artifactKey: Guid(f6e1b74cb37de384db489b67580f3e6d) Importer(815301076,1909f56bfc062723c751e8b465ee728b)
Start importing Assets/New Tile Palette.prefab using Guid(f6e1b74cb37de384db489b67580f3e6d) Importer(815301076,1909f56bfc062723c751e8b465ee728b) (PreviewImporter) -> (artifact id: '85d32934a3fee8d154b919c92c16fb4e') in 0.0088813 seconds
Number of updated asset objects reloaded before import = 0Number of asset objects unloaded after import = 13

========================================================================
Received Import Request.
  Time since last request: 4.081910 seconds.
  path: Assets/New Tile Palette.prefab
  artifactKey: Guid(f6e1b74cb37de384db489b67580f3e6d) Importer(815301076,1909f56bfc062723c751e8b465ee728b)
Start importing Assets/New Tile Palette.prefab using Guid(f6e1b74cb37de384db489b67580f3e6d) Importer(815301076,1909f56bfc062723c751e8b465ee728b) (PreviewImporter) -> (artifact id: 'd1be8d6dd00f5fd8b11b169baf4dad72') in 0.0090722 seconds
Number of updated asset objects reloaded before import = 0Number of asset objects unloaded after import = 13

========================================================================
Received Import Request.
  Time since last request: 1.508410 seconds.
  path: Assets/New Tile Palette.prefab
  artifactKey: Guid(f6e1b74cb37de384db489b67580f3e6d) Importer(815301076,1909f56bfc062723c751e8b465ee728b)
Start importing Assets/New Tile Palette.prefab using Guid(f6e1b74cb37de384db489b67580f3e6d) Importer(815301076,1909f56bfc062723c751e8b465ee728b) (PreviewImporter) -> (artifact id: '5cf5929d657fbddef0ee6f5e5131e59d') in 0.0093694 seconds
Number of updated asset objects reloaded before import = 0Number of asset objects unloaded after import = 13

========================================================================
Received Import Request.
  Time since last request: 1.225661 seconds.
  path: Assets/New Tile Palette.prefab
  artifactKey: Guid(f6e1b74cb37de384db489b67580f3e6d) Importer(815301076,1909f56bfc062723c751e8b465ee728b)
Start importing Assets/New Tile Palette.prefab using Guid(f6e1b74cb37de384db489b67580f3e6d) Importer(815301076,1909f56bfc062723c751e8b465ee728b) (PreviewImporter) -> (artifact id: '833efe9a9c2fb8cc19571082f4adacd6') in 0.0089617 seconds
Number of updated asset objects reloaded before import = 0Number of asset objects unloaded after import = 13

========================================================================
Received Import Request.
  Time since last request: 1.235430 seconds.
  path: Assets/New Tile Palette.prefab
  artifactKey: Guid(f6e1b74cb37de384db489b67580f3e6d) Importer(815301076,1909f56bfc062723c751e8b465ee728b)
Start importing Assets/New Tile Palette.prefab using Guid(f6e1b74cb37de384db489b67580f3e6d) Importer(815301076,1909f56bfc062723c751e8b465ee728b) (PreviewImporter) -> (artifact id: '03441647098a3ca25b6ff279b200018f') in 0.0102713 seconds
Number of updated asset objects reloaded before import = 0Number of asset objects unloaded after import = 13

========================================================================
Received Import Request.
  Time since last request: 1.869328 seconds.
  path: Assets/New Tile Palette.prefab
  artifactKey: Guid(f6e1b74cb37de384db489b67580f3e6d) Importer(815301076,1909f56bfc062723c751e8b465ee728b)
Start importing Assets/New Tile Palette.prefab using Guid(f6e1b74cb37de384db489b67580f3e6d) Importer(815301076,1909f56bfc062723c751e8b465ee728b) (PreviewImporter) -> (artifact id: '6628c9cbe787cc8825574d99b647e84f') in 0.0095374 seconds
Number of updated asset objects reloaded before import = 0Number of asset objects unloaded after import = 13

========================================================================
Received Import Request.
  Time since last request: 1.247471 seconds.
  path: Assets/New Tile Palette.prefab
  artifactKey: Guid(f6e1b74cb37de384db489b67580f3e6d) Importer(815301076,1909f56bfc062723c751e8b465ee728b)
Start importing Assets/New Tile Palette.prefab using Guid(f6e1b74cb37de384db489b67580f3e6d) Importer(815301076,1909f56bfc062723c751e8b465ee728b) (PreviewImporter) -> (artifact id: '2e65bf73543e57b19dc1f202501f5efd') in 0.0100928 seconds
Number of updated asset objects reloaded before import = 0Number of asset objects unloaded after import = 13

========================================================================
Received Import Request.
  Time since last request: 1.126749 seconds.
  path: Assets/New Tile Palette.prefab
  artifactKey: Guid(f6e1b74cb37de384db489b67580f3e6d) Importer(815301076,1909f56bfc062723c751e8b465ee728b)
Start importing Assets/New Tile Palette.prefab using Guid(f6e1b74cb37de384db489b67580f3e6d) Importer(815301076,1909f56bfc062723c751e8b465ee728b) (PreviewImporter) -> (artifact id: 'a012ff47b5c82c34cb438c42aa621a80') in 0.0089074 seconds
Number of updated asset objects reloaded before import = 0Number of asset objects unloaded after import = 13

========================================================================
Received Prepare
Begin MonoManager ReloadAssembly
[Licensing::Client] Successfully resolved entitlement details
[Licensing::Module] License group:
  Id: F4-TWEP-24VP-ZS6R-YX9T-XXXX
  Product: Unity Personal
  Type: ULF
  Expiration: Unlimited
[Licensing::Module] License group:
  Id: 20066262259733-UnityPersXXXX
  Product: Unity Personal
  Type: Assigned
  Expiration: Unlimited
- Loaded All Assemblies, in  0.732 seconds
Refreshing native plugins compatible for Editor in 1.47 ms, found 4 plugins.
Native extension for WindowsStandalone target not found
Mono: successfully reloaded assembly
- Finished resetting the current domain, in  0.802 seconds
Domain Reload Profiling: 1534ms
	BeginReloadAssembly (260ms)
		ExecutionOrderSort (0ms)
		DisableScriptedObjects (28ms)
		BackupInstance (0ms)
		ReleaseScriptingObjects (0ms)
		CreateAndSetChildDomain (63ms)
	RebuildCommonClasses (33ms)
	RebuildNativeTypeToScriptingClass (11ms)
	initialDomainReloadingComplete (22ms)
	LoadAllAssembliesAndSetupDomain (406ms)
		LoadAssemblies (335ms)
		RebuildTransferFunctionScriptingTraits (0ms)
		AnalyzeDomain (185ms)
			TypeCache.Refresh (7ms)
				TypeCache.ScanAssembly (0ms)
			BuildScriptInfoCaches (161ms)
			ResolveRequiredComponents (11ms)
	FinalizeReload (802ms)
		ReleaseScriptCaches (0ms)
		RebuildScriptCaches (0ms)
		SetupLoadedEditorAssemblies (649ms)
			LogAssemblyErrors (0ms)
			InitializePlatformSupportModulesInManaged (2ms)
			SetLoadedEditorAssemblies (7ms)
			BeforeProcessingInitializeOnLoad (128ms)
			ProcessInitializeOnLoadAttributes (435ms)
			ProcessInitializeOnLoadMethodAttributes (76ms)
			AfterProcessingInitializeOnLoad (2ms)
			EditorAssembliesLoaded (0ms)
		ExecutionOrderSort2 (0ms)
		AwakeInstancesAfterBackupRestoration (18ms)
Refreshing native plugins compatible for Editor in 1.63 ms, found 4 plugins.
Preloading 0 native plugins for Editor in 0.00 ms.
Unloading 16 Unused Serialized files (Serialized files now loaded: 0)
Unloading 6741 unused Assets / (4.8 MB). Loaded Objects now: 7546.
Memory consumption went from 155.0 MB to 150.1 MB.
Total: 10.217900 ms (FindLiveObjects: 0.869700 ms CreateObjectMapping: 0.758700 ms MarkObjects: 4.761300 ms  DeleteObjects: 3.827000 ms)

Prepare: number of updated asset objects reloaded= 0
========================================================================
Received Prepare
Begin MonoManager ReloadAssembly
[Licensing::Client] Successfully resolved entitlement details
[Licensing::Module] License group:
  Id: F4-TWEP-24VP-ZS6R-YX9T-XXXX
  Product: Unity Personal
  Type: ULF
  Expiration: Unlimited
[Licensing::Module] License group:
  Id: 20066262259733-UnityPersXXXX
  Product: Unity Personal
  Type: Assigned
  Expiration: Unlimited
- Loaded All Assemblies, in  0.719 seconds
Refreshing native plugins compatible for Editor in 1.48 ms, found 4 plugins.
Native extension for WindowsStandalone target not found
Mono: successfully reloaded assembly
- Finished resetting the current domain, in  0.721 seconds
Domain Reload Profiling: 1443ms
	BeginReloadAssembly (232ms)
		ExecutionOrderSort (0ms)
		DisableScriptedObjects (16ms)
		BackupInstance (0ms)
		ReleaseScriptingObjects (0ms)
		CreateAndSetChildDomain (55ms)
	RebuildCommonClasses (33ms)
	RebuildNativeTypeToScriptingClass (11ms)
	initialDomainReloadingComplete (24ms)
	LoadAllAssembliesAndSetupDomain (422ms)
		LoadAssemblies (336ms)
		RebuildTransferFunctionScriptingTraits (0ms)
		AnalyzeDomain (194ms)
			TypeCache.Refresh (11ms)
				TypeCache.ScanAssembly (0ms)
			BuildScriptInfoCaches (168ms)
			ResolveRequiredComponents (9ms)
	FinalizeReload (722ms)
		ReleaseScriptCaches (0ms)
		RebuildScriptCaches (0ms)
		SetupLoadedEditorAssemblies (570ms)
			LogAssemblyErrors (0ms)
			InitializePlatformSupportModulesInManaged (1ms)
			SetLoadedEditorAssemblies (6ms)
			BeforeProcessingInitializeOnLoad (121ms)
			ProcessInitializeOnLoadAttributes (369ms)
			ProcessInitializeOnLoadMethodAttributes (70ms)
			AfterProcessingInitializeOnLoad (2ms)
			EditorAssembliesLoaded (0ms)
		ExecutionOrderSort2 (0ms)
		AwakeInstancesAfterBackupRestoration (18ms)
Refreshing native plugins compatible for Editor in 1.42 ms, found 4 plugins.
Preloading 0 native plugins for Editor in 0.00 ms.
Unloading 14 Unused Serialized files (Serialized files now loaded: 0)
Unloading 6737 unused Assets / (4.3 MB). Loaded Objects now: 7548.
Memory consumption went from 156.4 MB to 152.1 MB.
Total: 9.376200 ms (FindLiveObjects: 0.762200 ms CreateObjectMapping: 0.851100 ms MarkObjects: 4.916100 ms  DeleteObjects: 2.845600 ms)

Prepare: number of updated asset objects reloaded= 0
========================================================================
Received Import Request.
  Time since last request: 234.569895 seconds.
  path: Assets/New Tile Palette.prefab
  artifactKey: Guid(f6e1b74cb37de384db489b67580f3e6d) Importer(815301076,1909f56bfc062723c751e8b465ee728b)
Start importing Assets/New Tile Palette.prefab using Guid(f6e1b74cb37de384db489b67580f3e6d) Importer(815301076,1909f56bfc062723c751e8b465ee728b) (PreviewImporter) -> (artifact id: 'e5d0aec364c8b1c199bfc608ef39f92a') in 0.4298829 seconds
Number of updated asset objects reloaded before import = 0Number of asset objects unloaded after import = 13

========================================================================
Received Prepare
Begin MonoManager ReloadAssembly
[Licensing::Client] Successfully resolved entitlement details
[Licensing::Module] License group:
  Id: F4-TWEP-24VP-ZS6R-YX9T-XXXX
  Product: Unity Personal
  Type: ULF
  Expiration: Unlimited
[Licensing::Module] License group:
  Id: 20066262259733-UnityPersXXXX
  Product: Unity Personal
  Type: Assigned
  Expiration: Unlimited
- Loaded All Assemblies, in  0.988 seconds
Refreshing native plugins compatible for Editor in 1.55 ms, found 4 plugins.
Native extension for WindowsStandalone target not found
Mono: successfully reloaded assembly
- Finished resetting the current domain, in  0.973 seconds
Domain Reload Profiling: 1962ms
	BeginReloadAssembly (341ms)
		ExecutionOrderSort (0ms)
		DisableScriptedObjects (36ms)
		BackupInstance (0ms)
		ReleaseScriptingObjects (0ms)
		CreateAndSetChildDomain (77ms)
	RebuildCommonClasses (51ms)
	RebuildNativeTypeToScriptingClass (15ms)
	initialDomainReloadingComplete (29ms)
	LoadAllAssembliesAndSetupDomain (553ms)
		LoadAssemblies (471ms)
		RebuildTransferFunctionScriptingTraits (0ms)
		AnalyzeDomain (247ms)
			TypeCache.Refresh (11ms)
				TypeCache.ScanAssembly (0ms)
			BuildScriptInfoCaches (219ms)
			ResolveRequiredComponents (11ms)
	FinalizeReload (973ms)
		ReleaseScriptCaches (0ms)
		RebuildScriptCaches (0ms)
		SetupLoadedEditorAssemblies (782ms)
			LogAssemblyErrors (0ms)
			InitializePlatformSupportModulesInManaged (2ms)
			SetLoadedEditorAssemblies (9ms)
			BeforeProcessingInitializeOnLoad (169ms)
			ProcessInitializeOnLoadAttributes (515ms)
			ProcessInitializeOnLoadMethodAttributes (84ms)
			AfterProcessingInitializeOnLoad (2ms)
			EditorAssembliesLoaded (0ms)
		ExecutionOrderSort2 (0ms)
		AwakeInstancesAfterBackupRestoration (22ms)
Refreshing native plugins compatible for Editor in 2.18 ms, found 4 plugins.
Preloading 0 native plugins for Editor in 0.00 ms.
Unloading 14 Unused Serialized files (Serialized files now loaded: 0)
Unloading 6737 unused Assets / (4.4 MB). Loaded Objects now: 7572.
Memory consumption went from 156.1 MB to 151.7 MB.
Total: 13.153200 ms (FindLiveObjects: 1.187700 ms CreateObjectMapping: 1.096300 ms MarkObjects: 7.074600 ms  DeleteObjects: 3.793100 ms)

Prepare: number of updated asset objects reloaded= 0
========================================================================
Received Prepare
Begin MonoManager ReloadAssembly
[Licensing::Client] Successfully resolved entitlement details
[Licensing::Module] License group:
  Id: F4-TWEP-24VP-ZS6R-YX9T-XXXX
  Product: Unity Personal
  Type: ULF
  Expiration: Unlimited
[Licensing::Module] License group:
  Id: 20066262259733-UnityPersXXXX
  Product: Unity Personal
  Type: Assigned
  Expiration: Unlimited
- Loaded All Assemblies, in  1.022 seconds
Refreshing native plugins compatible for Editor in 1.69 ms, found 4 plugins.
Native extension for WindowsStandalone target not found
Mono: successfully reloaded assembly
- Finished resetting the current domain, in  0.966 seconds
Domain Reload Profiling: 1989ms
	BeginReloadAssembly (308ms)
		ExecutionOrderSort (0ms)
		DisableScriptedObjects (20ms)
		BackupInstance (0ms)
		ReleaseScriptingObjects (0ms)
		CreateAndSetChildDomain (68ms)
	RebuildCommonClasses (48ms)
	RebuildNativeTypeToScriptingClass (16ms)
	initialDomainReloadingComplete (32ms)
	LoadAllAssembliesAndSetupDomain (617ms)
		LoadAssemblies (533ms)
		RebuildTransferFunctionScriptingTraits (0ms)
		AnalyzeDomain (239ms)
			TypeCache.Refresh (10ms)
				TypeCache.ScanAssembly (0ms)
			BuildScriptInfoCaches (212ms)
			ResolveRequiredComponents (12ms)
	FinalizeReload (967ms)
		ReleaseScriptCaches (0ms)
		RebuildScriptCaches (0ms)
		SetupLoadedEditorAssemblies (764ms)
			LogAssemblyErrors (0ms)
			InitializePlatformSupportModulesInManaged (2ms)
			SetLoadedEditorAssemblies (8ms)
			BeforeProcessingInitializeOnLoad (182ms)
			ProcessInitializeOnLoadAttributes (488ms)
			ProcessInitializeOnLoadMethodAttributes (82ms)
			AfterProcessingInitializeOnLoad (2ms)
			EditorAssembliesLoaded (0ms)
		ExecutionOrderSort2 (0ms)
		AwakeInstancesAfterBackupRestoration (23ms)
Refreshing native plugins compatible for Editor in 1.93 ms, found 4 plugins.
Preloading 0 native plugins for Editor in 0.00 ms.
Unloading 14 Unused Serialized files (Serialized files now loaded: 0)
Unloading 6737 unused Assets / (5.0 MB). Loaded Objects now: 7574.
Memory consumption went from 158.0 MB to 153.1 MB.
Total: 12.946800 ms (FindLiveObjects: 0.806000 ms CreateObjectMapping: 0.888700 ms MarkObjects: 6.529300 ms  DeleteObjects: 4.720400 ms)

Prepare: number of updated asset objects reloaded= 0
========================================================================
Received Prepare
Begin MonoManager ReloadAssembly
[Licensing::Client] Successfully resolved entitlement details
[Licensing::Module] License group:
  Id: F4-TWEP-24VP-ZS6R-YX9T-XXXX
  Product: Unity Personal
  Type: ULF
  Expiration: Unlimited
[Licensing::Module] License group:
  Id: 20066262259733-UnityPersXXXX
  Product: Unity Personal
  Type: Assigned
  Expiration: Unlimited
- Loaded All Assemblies, in  0.925 seconds
Refreshing native plugins compatible for Editor in 1.97 ms, found 4 plugins.
Native extension for WindowsStandalone target not found
Mono: successfully reloaded assembly
- Finished resetting the current domain, in  0.967 seconds
Domain Reload Profiling: 1895ms
	BeginReloadAssembly (272ms)
		ExecutionOrderSort (0ms)
		DisableScriptedObjects (21ms)
		BackupInstance (0ms)
		ReleaseScriptingObjects (0ms)
		CreateAndSetChildDomain (58ms)
	RebuildCommonClasses (49ms)
	RebuildNativeTypeToScriptingClass (14ms)
	initialDomainReloadingComplete (29ms)
	LoadAllAssembliesAndSetupDomain (564ms)
		LoadAssemblies (430ms)
		RebuildTransferFunctionScriptingTraits (0ms)
		AnalyzeDomain (265ms)
			TypeCache.Refresh (9ms)
				TypeCache.ScanAssembly (0ms)
			BuildScriptInfoCaches (234ms)
			ResolveRequiredComponents (14ms)
	FinalizeReload (967ms)
		ReleaseScriptCaches (0ms)
		RebuildScriptCaches (0ms)
		SetupLoadedEditorAssemblies (766ms)
			LogAssemblyErrors (0ms)
			InitializePlatformSupportModulesInManaged (2ms)
			SetLoadedEditorAssemblies (7ms)
			BeforeProcessingInitializeOnLoad (173ms)
			ProcessInitializeOnLoadAttributes (495ms)
			ProcessInitializeOnLoadMethodAttributes (87ms)
			AfterProcessingInitializeOnLoad (2ms)
			EditorAssembliesLoaded (0ms)
		ExecutionOrderSort2 (0ms)
		AwakeInstancesAfterBackupRestoration (19ms)
Refreshing native plugins compatible for Editor in 2.06 ms, found 4 plugins.
Preloading 0 native plugins for Editor in 0.00 ms.
Unloading 14 Unused Serialized files (Serialized files now loaded: 0)
Unloading 6737 unused Assets / (4.1 MB). Loaded Objects now: 7576.
Memory consumption went from 160.0 MB to 155.9 MB.
Total: 11.005200 ms (FindLiveObjects: 0.919400 ms CreateObjectMapping: 0.903300 ms MarkObjects: 6.062500 ms  DeleteObjects: 3.118600 ms)

Prepare: number of updated asset objects reloaded= 0
========================================================================
Received Import Request.
  Time since last request: 1777.399556 seconds.
  path: Assets/Settings
  artifactKey: Guid(0220aab0833d04faeb927d84ca6cc40c) Importer(815301076,1909f56bfc062723c751e8b465ee728b)
Start importing Assets/Settings using Guid(0220aab0833d04faeb927d84ca6cc40c) Importer(815301076,1909f56bfc062723c751e8b465ee728b) (PreviewImporter) -> (artifact id: '5a3b12d2a447acdb23dff58ad167bcd1') in 0.0033012 seconds
Number of updated asset objects reloaded before import = 0Number of asset objects unloaded after import = 0

========================================================================
Received Import Request.
  Time since last request: 27.996168 seconds.
  path: Assets/HealthBarUI.cs
  artifactKey: Guid(50e43449c4a18e3488b6ce0abaea7183) Importer(815301076,1909f56bfc062723c751e8b465ee728b)
Start importing Assets/HealthBarUI.cs using Guid(50e43449c4a18e3488b6ce0abaea7183) Importer(815301076,1909f56bfc062723c751e8b465ee728b) (PreviewImporter) -> (artifact id: '202a3de3704fdbe606e39c2d7c4064c9') in 0.0007732 seconds
Number of updated asset objects reloaded before import = 0Number of asset objects unloaded after import = 0

========================================================================
Received Prepare
Refreshing native plugins compatible for Editor in 1.47 ms, found 4 plugins.
Preloading 0 native plugins for Editor in 0.00 ms.
Unloading 14 Unused Serialized files (Serialized files now loaded: 0)
Unloading 6727 unused Assets / (4.3 MB). Loaded Objects now: 7577.
Memory consumption went from 156.2 MB to 151.8 MB.
Total: 11.339400 ms (FindLiveObjects: 0.797300 ms CreateObjectMapping: 1.669100 ms MarkObjects: 5.965800 ms  DeleteObjects: 2.906400 ms)

Prepare: number of updated asset objects reloaded= 0
========================================================================
Received Import Request.
  Time since last request: 40.611688 seconds.
  path: Assets/GameController.cs
  artifactKey: Guid(b72bf058b11cdfc4a820e55a3546fc4e) Importer(815301076,1909f56bfc062723c751e8b465ee728b)
Start importing Assets/GameController.cs using Guid(b72bf058b11cdfc4a820e55a3546fc4e) Importer(815301076,1909f56bfc062723c751e8b465ee728b) (PreviewImporter) -> (artifact id: 'c69ebc10c19fa18b664f8c142c16742f') in 0.0009831 seconds
Number of updated asset objects reloaded before import = 0Number of asset objects unloaded after import = 0

========================================================================
Received Prepare
Refreshing native plugins compatible for Editor in 1.55 ms, found 4 plugins.
Preloading 0 native plugins for Editor in 0.00 ms.
Unloading 14 Unused Serialized files (Serialized files now loaded: 0)
Unloading 6727 unused Assets / (4.6 MB). Loaded Objects now: 7577.
Memory consumption went from 156.2 MB to 151.5 MB.
Total: 11.361500 ms (FindLiveObjects: 0.885300 ms CreateObjectMapping: 0.931000 ms MarkObjects: 5.695600 ms  DeleteObjects: 3.848100 ms)

Prepare: number of updated asset objects reloaded= 0
========================================================================
Received Import Request.
  Time since last request: 219.578530 seconds.
  path: Assets/GameController.cs
  artifactKey: Guid(b72bf058b11cdfc4a820e55a3546fc4e) Importer(815301076,1909f56bfc062723c751e8b465ee728b)
Start importing Assets/GameController.cs using Guid(b72bf058b11cdfc4a820e55a3546fc4e) Importer(815301076,1909f56bfc062723c751e8b465ee728b) (PreviewImporter) -> (artifact id: 'f11748bcd0d935297959d04c5a6de93b') in 0.0008874 seconds
Number of updated asset objects reloaded before import = 0Number of asset objects unloaded after import = 0

========================================================================
Received Prepare
Begin MonoManager ReloadAssembly
[Licensing::Client] Successfully resolved entitlement details
[Licensing::Module] License group:
  Id: F4-TWEP-24VP-ZS6R-YX9T-XXXX
  Product: Unity Personal
  Type: ULF
  Expiration: Unlimited
[Licensing::Module] License group:
  Id: 20066262259733-UnityPersXXXX
  Product: Unity Personal
  Type: Assigned
  Expiration: Unlimited
- Loaded All Assemblies, in  0.775 seconds
Refreshing native plugins compatible for Editor in 1.96 ms, found 4 plugins.
Native extension for WindowsStandalone target not found
Mono: successfully reloaded assembly
- Finished resetting the current domain, in  0.740 seconds
Domain Reload Profiling: 1516ms
	BeginReloadAssembly (256ms)
		ExecutionOrderSort (0ms)
		DisableScriptedObjects (17ms)
		BackupInstance (0ms)
		ReleaseScriptingObjects (0ms)
		CreateAndSetChildDomain (63ms)
	RebuildCommonClasses (34ms)
	RebuildNativeTypeToScriptingClass (12ms)
	initialDomainReloadingComplete (27ms)
	LoadAllAssembliesAndSetupDomain (446ms)
		LoadAssemblies (366ms)
		RebuildTransferFunctionScriptingTraits (0ms)
		AnalyzeDomain (198ms)
			TypeCache.Refresh (12ms)
				TypeCache.ScanAssembly (0ms)
			BuildScriptInfoCaches (170ms)
			ResolveRequiredComponents (10ms)
	FinalizeReload (741ms)
		ReleaseScriptCaches (0ms)
		RebuildScriptCaches (0ms)
		SetupLoadedEditorAssemblies (584ms)
			LogAssemblyErrors (0ms)
			InitializePlatformSupportModulesInManaged (2ms)
			SetLoadedEditorAssemblies (9ms)
			BeforeProcessingInitializeOnLoad (143ms)
			ProcessInitializeOnLoadAttributes (371ms)
			ProcessInitializeOnLoadMethodAttributes (57ms)
			AfterProcessingInitializeOnLoad (2ms)
			EditorAssembliesLoaded (0ms)
		ExecutionOrderSort2 (0ms)
		AwakeInstancesAfterBackupRestoration (13ms)
Refreshing native plugins compatible for Editor in 1.40 ms, found 4 plugins.
Preloading 0 native plugins for Editor in 0.00 ms.
Unloading 14 Unused Serialized files (Serialized files now loaded: 0)
Unloading 6738 unused Assets / (4.3 MB). Loaded Objects now: 7579.
Memory consumption went from 156.1 MB to 151.8 MB.
Total: 9.118400 ms (FindLiveObjects: 0.720600 ms CreateObjectMapping: 0.771000 ms MarkObjects: 4.860500 ms  DeleteObjects: 2.765500 ms)

Prepare: number of updated asset objects reloaded= 0
========================================================================
Received Import Request.
  Time since last request: 8.633401 seconds.
  path: Assets/GameController.cs
  artifactKey: Guid(b72bf058b11cdfc4a820e55a3546fc4e) Importer(815301076,1909f56bfc062723c751e8b465ee728b)
Start importing Assets/GameController.cs using Guid(b72bf058b11cdfc4a820e55a3546fc4e) Importer(815301076,1909f56bfc062723c751e8b465ee728b) (PreviewImporter) -> (artifact id: '9adb7722e57a981e68d0f27a4abb77d5') in 0.0015813 seconds
Number of updated asset objects reloaded before import = 0Number of asset objects unloaded after import = 0

========================================================================
Received Prepare
Begin MonoManager ReloadAssembly
- Loaded All Assemblies, in  0.758 seconds
Refreshing native plugins compatible for Editor in 1.37 ms, found 4 plugins.
Native extension for WindowsStandalone target not found
Mono: successfully reloaded assembly
- Finished resetting the current domain, in  0.801 seconds
Domain Reload Profiling: 1562ms
	BeginReloadAssembly (231ms)
		ExecutionOrderSort (0ms)
		DisableScriptedObjects (13ms)
		BackupInstance (0ms)
		ReleaseScriptingObjects (0ms)
		CreateAndSetChildDomain (52ms)
	RebuildCommonClasses (41ms)
	RebuildNativeTypeToScriptingClass (16ms)
	initialDomainReloadingComplete (24ms)
	LoadAllAssembliesAndSetupDomain (449ms)
		LoadAssemblies (353ms)
		RebuildTransferFunctionScriptingTraits (0ms)
		AnalyzeDomain (209ms)
			TypeCache.Refresh (7ms)
				TypeCache.ScanAssembly (0ms)
			BuildScriptInfoCaches (186ms)
			ResolveRequiredComponents (11ms)
	FinalizeReload (801ms)
		ReleaseScriptCaches (0ms)
		RebuildScriptCaches (0ms)
		SetupLoadedEditorAssemblies (640ms)
			LogAssemblyErrors (0ms)
			InitializePlatformSupportModulesInManaged (2ms)
			SetLoadedEditorAssemblies (5ms)
			BeforeProcessingInitializeOnLoad (154ms)
			ProcessInitializeOnLoadAttributes (409ms)
			ProcessInitializeOnLoadMethodAttributes (67ms)
			AfterProcessingInitializeOnLoad (2ms)
			EditorAssembliesLoaded (0ms)
		ExecutionOrderSort2 (0ms)
		AwakeInstancesAfterBackupRestoration (17ms)
Refreshing native plugins compatible for Editor in 1.77 ms, found 4 plugins.
Preloading 0 native plugins for Editor in 0.00 ms.
Unloading 14 Unused Serialized files (Serialized files now loaded: 0)
Unloading 6738 unused Assets / (4.4 MB). Loaded Objects now: 7581.
Memory consumption went from 156.2 MB to 151.8 MB.
Total: 12.824100 ms (FindLiveObjects: 1.130600 ms CreateObjectMapping: 0.834900 ms MarkObjects: 5.837300 ms  DeleteObjects: 5.019000 ms)

Prepare: number of updated asset objects reloaded= 0
========================================================================
Received Import Request.
  Time since last request: 24.864073 seconds.
  path: Assets/Resources
  artifactKey: Guid(560352919abf62f4bad5c267fcddc663) Importer(815301076,1909f56bfc062723c751e8b465ee728b)
Start importing Assets/Resources using Guid(560352919abf62f4bad5c267fcddc663) Importer(815301076,1909f56bfc062723c751e8b465ee728b) (PreviewImporter) -> (artifact id: '96f06588722db475c84a885d9878385c') in 0.0016598 seconds
Number of updated asset objects reloaded before import = 0Number of asset objects unloaded after import = 0

========================================================================
Received Import Request.
  Time since last request: 4.794262 seconds.
  path: Assets/Resources/RatPlayer.prefab
  artifactKey: Guid(7a9aa9a84e6ca644ea9a64c1cc73da37) Importer(815301076,1909f56bfc062723c751e8b465ee728b)
Start importing Assets/Resources/RatPlayer.prefab using Guid(7a9aa9a84e6ca644ea9a64c1cc73da37) Importer(815301076,1909f56bfc062723c751e8b465ee728b) (PreviewImporter) -> (artifact id: '9e61a68ab45c2fdb9249d8e20b609d6d') in 0.455898 seconds
Number of updated asset objects reloaded before import = 0Number of asset objects unloaded after import = 32

========================================================================
Received Prepare
Begin MonoManager ReloadAssembly
- Loaded All Assemblies, in  0.766 seconds
Refreshing native plugins compatible for Editor in 2.12 ms, found 4 plugins.
Native extension for WindowsStandalone target not found
Mono: successfully reloaded assembly
- Finished resetting the current domain, in  0.749 seconds
Domain Reload Profiling: 1518ms
	BeginReloadAssembly (249ms)
		ExecutionOrderSort (0ms)
		DisableScriptedObjects (26ms)
		BackupInstance (0ms)
		ReleaseScriptingObjects (0ms)
		CreateAndSetChildDomain (67ms)
	RebuildCommonClasses (34ms)
	RebuildNativeTypeToScriptingClass (11ms)
	initialDomainReloadingComplete (23ms)
	LoadAllAssembliesAndSetupDomain (451ms)
		LoadAssemblies (347ms)
		RebuildTransferFunctionScriptingTraits (0ms)
		AnalyzeDomain (209ms)
			TypeCache.Refresh (8ms)
				TypeCache.ScanAssembly (0ms)
			BuildScriptInfoCaches (186ms)
			ResolveRequiredComponents (10ms)
	FinalizeReload (749ms)
		ReleaseScriptCaches (0ms)
		RebuildScriptCaches (0ms)
		SetupLoadedEditorAssemblies (580ms)
			LogAssemblyErrors (0ms)
			InitializePlatformSupportModulesInManaged (2ms)
			SetLoadedEditorAssemblies (8ms)
			BeforeProcessingInitializeOnLoad (136ms)
			ProcessInitializeOnLoadAttributes (368ms)
			ProcessInitializeOnLoadMethodAttributes (64ms)
			AfterProcessingInitializeOnLoad (2ms)
			EditorAssembliesLoaded (1ms)
		ExecutionOrderSort2 (0ms)
		AwakeInstancesAfterBackupRestoration (16ms)
Refreshing native plugins compatible for Editor in 1.71 ms, found 4 plugins.
Preloading 0 native plugins for Editor in 0.00 ms.
Unloading 14 Unused Serialized files (Serialized files now loaded: 0)
Unloading 6738 unused Assets / (4.9 MB). Loaded Objects now: 7605.
Memory consumption went from 157.9 MB to 153.0 MB.
Total: 11.258700 ms (FindLiveObjects: 0.878400 ms CreateObjectMapping: 0.719900 ms MarkObjects: 5.088400 ms  DeleteObjects: 4.570700 ms)

Prepare: number of updated asset objects reloaded= 0
========================================================================
Received Prepare
Begin MonoManager ReloadAssembly
- Loaded All Assemblies, in  0.757 seconds
Refreshing native plugins compatible for Editor in 1.45 ms, found 4 plugins.
Native extension for WindowsStandalone target not found
Mono: successfully reloaded assembly
- Finished resetting the current domain, in  0.774 seconds
Domain Reload Profiling: 1534ms
	BeginReloadAssembly (232ms)
		ExecutionOrderSort (0ms)
		DisableScriptedObjects (13ms)
		BackupInstance (0ms)
		ReleaseScriptingObjects (0ms)
		CreateAndSetChildDomain (51ms)
	RebuildCommonClasses (34ms)
	RebuildNativeTypeToScriptingClass (12ms)
	initialDomainReloadingComplete (25ms)
	LoadAllAssembliesAndSetupDomain (457ms)
		LoadAssemblies (357ms)
		RebuildTransferFunctionScriptingTraits (0ms)
		AnalyzeDomain (216ms)
			TypeCache.Refresh (8ms)
				TypeCache.ScanAssembly (0ms)
			BuildScriptInfoCaches (187ms)
			ResolveRequiredComponents (14ms)
	FinalizeReload (774ms)
		ReleaseScriptCaches (0ms)
		RebuildScriptCaches (0ms)
		SetupLoadedEditorAssemblies (608ms)
			LogAssemblyErrors (0ms)
			InitializePlatformSupportModulesInManaged (2ms)
			SetLoadedEditorAssemblies (7ms)
			BeforeProcessingInitializeOnLoad (121ms)
			ProcessInitializeOnLoadAttributes (412ms)
			ProcessInitializeOnLoadMethodAttributes (64ms)
			AfterProcessingInitializeOnLoad (2ms)
			EditorAssembliesLoaded (0ms)
		ExecutionOrderSort2 (0ms)
		AwakeInstancesAfterBackupRestoration (19ms)
Refreshing native plugins compatible for Editor in 1.58 ms, found 4 plugins.
Preloading 0 native plugins for Editor in 0.00 ms.
Unloading 14 Unused Serialized files (Serialized files now loaded: 0)
Unloading 6738 unused Assets / (4.5 MB). Loaded Objects now: 7607.
Memory consumption went from 159.8 MB to 155.3 MB.
Total: 12.337400 ms (FindLiveObjects: 0.971000 ms CreateObjectMapping: 1.312100 ms MarkObjects: 6.356600 ms  DeleteObjects: 3.696000 ms)

Prepare: number of updated asset objects reloaded= 0
========================================================================
Received Prepare
Refreshing native plugins compatible for Editor in 1.52 ms, found 4 plugins.
Preloading 0 native plugins for Editor in 0.00 ms.
Unloading 14 Unused Serialized files (Serialized files now loaded: 0)
Unloading 6727 unused Assets / (4.4 MB). Loaded Objects now: 7607.
Memory consumption went from 162.0 MB to 157.6 MB.
Total: 9.239900 ms (FindLiveObjects: 0.853300 ms CreateObjectMapping: 0.744000 ms MarkObjects: 4.838000 ms  DeleteObjects: 2.803100 ms)

Prepare: number of updated asset objects reloaded= 0
========================================================================
Received Prepare
Begin MonoManager ReloadAssembly
[Licensing::Client] Successfully resolved entitlement details
[Licensing::Module] License group:
  Id: F4-TWEP-24VP-ZS6R-YX9T-XXXX
  Product: Unity Personal
  Type: ULF
  Expiration: Unlimited
[Licensing::Module] License group:
  Id: 20066262259733-UnityPersXXXX
  Product: Unity Personal
  Type: Assigned
  Expiration: Unlimited
- Loaded All Assemblies, in  0.783 seconds
Refreshing native plugins compatible for Editor in 1.42 ms, found 4 plugins.
Native extension for WindowsStandalone target not found
Mono: successfully reloaded assembly
- Finished resetting the current domain, in  0.662 seconds
Domain Reload Profiling: 1448ms
	BeginReloadAssembly (251ms)
		ExecutionOrderSort (0ms)
		DisableScriptedObjects (18ms)
		BackupInstance (0ms)
		ReleaseScriptingObjects (0ms)
		CreateAndSetChildDomain (57ms)
	RebuildCommonClasses (34ms)
	RebuildNativeTypeToScriptingClass (11ms)
	initialDomainReloadingComplete (23ms)
	LoadAllAssembliesAndSetupDomain (466ms)
		LoadAssemblies (386ms)
		RebuildTransferFunctionScriptingTraits (0ms)
		AnalyzeDomain (202ms)
			TypeCache.Refresh (12ms)
				TypeCache.ScanAssembly (0ms)
			BuildScriptInfoCaches (174ms)
			ResolveRequiredComponents (10ms)
	FinalizeReload (663ms)
		ReleaseScriptCaches (0ms)
		RebuildScriptCaches (0ms)
		SetupLoadedEditorAssemblies (506ms)
			LogAssemblyErrors (0ms)
			InitializePlatformSupportModulesInManaged (2ms)
			SetLoadedEditorAssemblies (6ms)
			BeforeProcessingInitializeOnLoad (118ms)
			ProcessInitializeOnLoadAttributes (324ms)
			ProcessInitializeOnLoadMethodAttributes (54ms)
			AfterProcessingInitializeOnLoad (1ms)
			EditorAssembliesLoaded (0ms)
		ExecutionOrderSort2 (0ms)
		AwakeInstancesAfterBackupRestoration (13ms)
Refreshing native plugins compatible for Editor in 1.74 ms, found 4 plugins.
Preloading 0 native plugins for Editor in 0.00 ms.
Unloading 14 Unused Serialized files (Serialized files now loaded: 0)
Unloading 6738 unused Assets / (4.4 MB). Loaded Objects now: 7609.
Memory consumption went from 163.9 MB to 159.5 MB.
Total: 8.856300 ms (FindLiveObjects: 0.849600 ms CreateObjectMapping: 0.917300 ms MarkObjects: 4.620400 ms  DeleteObjects: 2.468300 ms)

Prepare: number of updated asset objects reloaded= 0
========================================================================
Received Prepare
Begin MonoManager ReloadAssembly
- Loaded All Assemblies, in  0.745 seconds
Refreshing native plugins compatible for Editor in 1.29 ms, found 4 plugins.
Native extension for WindowsStandalone target not found
Mono: successfully reloaded assembly
- Finished resetting the current domain, in  0.735 seconds
Domain Reload Profiling: 1483ms
	BeginReloadAssembly (229ms)
		ExecutionOrderSort (0ms)
		DisableScriptedObjects (14ms)
		BackupInstance (0ms)
		ReleaseScriptingObjects (0ms)
		CreateAndSetChildDomain (56ms)
	RebuildCommonClasses (33ms)
	RebuildNativeTypeToScriptingClass (12ms)
	initialDomainReloadingComplete (23ms)
	LoadAllAssembliesAndSetupDomain (451ms)
		LoadAssemblies (338ms)
		RebuildTransferFunctionScriptingTraits (0ms)
		AnalyzeDomain (220ms)
			TypeCache.Refresh (7ms)
				TypeCache.ScanAssembly (0ms)
			BuildScriptInfoCaches (198ms)
			ResolveRequiredComponents (10ms)
	FinalizeReload (735ms)
		ReleaseScriptCaches (0ms)
		RebuildScriptCaches (0ms)
		SetupLoadedEditorAssemblies (576ms)
			LogAssemblyErrors (0ms)
			InitializePlatformSupportModulesInManaged (1ms)
			SetLoadedEditorAssemblies (8ms)
			BeforeProcessingInitializeOnLoad (123ms)
			ProcessInitializeOnLoadAttributes (376ms)
			ProcessInitializeOnLoadMethodAttributes (66ms)
			AfterProcessingInitializeOnLoad (2ms)
			EditorAssembliesLoaded (0ms)
		ExecutionOrderSort2 (0ms)
		AwakeInstancesAfterBackupRestoration (21ms)
Refreshing native plugins compatible for Editor in 1.67 ms, found 4 plugins.
Preloading 0 native plugins for Editor in 0.00 ms.
Unloading 14 Unused Serialized files (Serialized files now loaded: 0)
Unloading 6738 unused Assets / (4.5 MB). Loaded Objects now: 7611.
Memory consumption went from 166.0 MB to 161.5 MB.
Total: 9.602100 ms (FindLiveObjects: 0.889300 ms CreateObjectMapping: 0.953600 ms MarkObjects: 4.869900 ms  DeleteObjects: 2.888100 ms)

Prepare: number of updated asset objects reloaded= 0
========================================================================
Received Prepare
Begin MonoManager ReloadAssembly
- Loaded All Assemblies, in  0.750 seconds
Refreshing native plugins compatible for Editor in 1.58 ms, found 4 plugins.
Native extension for WindowsStandalone target not found
Mono: successfully reloaded assembly
- Finished resetting the current domain, in  0.730 seconds
Domain Reload Profiling: 1483ms
	BeginReloadAssembly (232ms)
		ExecutionOrderSort (0ms)
		DisableScriptedObjects (14ms)
		BackupInstance (0ms)
		ReleaseScriptingObjects (0ms)
		CreateAndSetChildDomain (55ms)
	RebuildCommonClasses (42ms)
	RebuildNativeTypeToScriptingClass (12ms)
	initialDomainReloadingComplete (22ms)
	LoadAllAssembliesAndSetupDomain (445ms)
		LoadAssemblies (352ms)
		RebuildTransferFunctionScriptingTraits (0ms)
		AnalyzeDomain (204ms)
			TypeCache.Refresh (9ms)
				TypeCache.ScanAssembly (0ms)
			BuildScriptInfoCaches (180ms)
			ResolveRequiredComponents (11ms)
	FinalizeReload (731ms)
		ReleaseScriptCaches (0ms)
		RebuildScriptCaches (0ms)
		SetupLoadedEditorAssemblies (580ms)
			LogAssemblyErrors (0ms)
			InitializePlatformSupportModulesInManaged (1ms)
			SetLoadedEditorAssemblies (6ms)
			BeforeProcessingInitializeOnLoad (124ms)
			ProcessInitializeOnLoadAttributes (386ms)
			ProcessInitializeOnLoadMethodAttributes (61ms)
			AfterProcessingInitializeOnLoad (2ms)
			EditorAssembliesLoaded (0ms)
		ExecutionOrderSort2 (0ms)
		AwakeInstancesAfterBackupRestoration (15ms)
Refreshing native plugins compatible for Editor in 1.96 ms, found 4 plugins.
Preloading 0 native plugins for Editor in 0.00 ms.
Unloading 14 Unused Serialized files (Serialized files now loaded: 0)
Unloading 6738 unused Assets / (4.4 MB). Loaded Objects now: 7613.
Memory consumption went from 168.1 MB to 163.7 MB.
Total: 9.718800 ms (FindLiveObjects: 0.752500 ms CreateObjectMapping: 0.849200 ms MarkObjects: 4.713500 ms  DeleteObjects: 3.401200 ms)

Prepare: number of updated asset objects reloaded= 0
========================================================================
Received Prepare
Refreshing native plugins compatible for Editor in 1.36 ms, found 4 plugins.
Preloading 0 native plugins for Editor in 0.00 ms.
Unloading 14 Unused Serialized files (Serialized files now loaded: 0)
Unloading 6727 unused Assets / (4.5 MB). Loaded Objects now: 7613.
Memory consumption went from 170.3 MB to 165.8 MB.
Total: 9.933800 ms (FindLiveObjects: 0.785800 ms CreateObjectMapping: 0.732800 ms MarkObjects: 5.033400 ms  DeleteObjects: 3.380700 ms)

Prepare: number of updated asset objects reloaded= 0
========================================================================
Received Prepare
Begin MonoManager ReloadAssembly
[Licensing::Client] Successfully resolved entitlement details
[Licensing::Module] License group:
  Id: F4-TWEP-24VP-ZS6R-YX9T-XXXX
  Product: Unity Personal
  Type: ULF
  Expiration: Unlimited
[Licensing::Module] License group:
  Id: 20066262259733-UnityPersXXXX
  Product: Unity Personal
  Type: Assigned
  Expiration: Unlimited
- Loaded All Assemblies, in  0.781 seconds
Refreshing native plugins compatible for Editor in 1.50 ms, found 4 plugins.
Native extension for WindowsStandalone target not found
Mono: successfully reloaded assembly
- Finished resetting the current domain, in  0.675 seconds
Domain Reload Profiling: 1459ms
	BeginReloadAssembly (266ms)
		ExecutionOrderSort (0ms)
		DisableScriptedObjects (14ms)
		BackupInstance (0ms)
		ReleaseScriptingObjects (0ms)
		CreateAndSetChildDomain (67ms)
	RebuildCommonClasses (36ms)
	RebuildNativeTypeToScriptingClass (12ms)
	initialDomainReloadingComplete (25ms)
	LoadAllAssembliesAndSetupDomain (445ms)
		LoadAssemblies (371ms)
		RebuildTransferFunctionScriptingTraits (0ms)
		AnalyzeDomain (204ms)
			TypeCache.Refresh (12ms)
				TypeCache.ScanAssembly (0ms)
			BuildScriptInfoCaches (177ms)
			ResolveRequiredComponents (9ms)
	FinalizeReload (675ms)
		ReleaseScriptCaches (0ms)
		RebuildScriptCaches (0ms)
		SetupLoadedEditorAssemblies (507ms)
			LogAssemblyErrors (0ms)
			InitializePlatformSupportModulesInManaged (1ms)
			SetLoadedEditorAssemblies (6ms)
			BeforeProcessingInitializeOnLoad (125ms)
			ProcessInitializeOnLoadAttributes (320ms)
			ProcessInitializeOnLoadMethodAttributes (52ms)
			AfterProcessingInitializeOnLoad (1ms)
			EditorAssembliesLoaded (0ms)
		ExecutionOrderSort2 (0ms)
		AwakeInstancesAfterBackupRestoration (15ms)
Refreshing native plugins compatible for Editor in 1.35 ms, found 4 plugins.
Preloading 0 native plugins for Editor in 0.00 ms.
Unloading 14 Unused Serialized files (Serialized files now loaded: 0)
Unloading 6738 unused Assets / (4.5 MB). Loaded Objects now: 7615.
Memory consumption went from 172.2 MB to 167.8 MB.
Total: 9.467100 ms (FindLiveObjects: 0.902100 ms CreateObjectMapping: 0.779800 ms MarkObjects: 4.663900 ms  DeleteObjects: 3.120700 ms)

Prepare: number of updated asset objects reloaded= 0
========================================================================
Received Prepare
Begin MonoManager ReloadAssembly
- Loaded All Assemblies, in  0.727 seconds
Refreshing native plugins compatible for Editor in 1.41 ms, found 4 plugins.
Native extension for WindowsStandalone target not found
Mono: successfully reloaded assembly
- Finished resetting the current domain, in  0.736 seconds
Domain Reload Profiling: 1465ms
	BeginReloadAssembly (230ms)
		ExecutionOrderSort (0ms)
		DisableScriptedObjects (12ms)
		BackupInstance (0ms)
		ReleaseScriptingObjects (0ms)
		CreateAndSetChildDomain (56ms)
	RebuildCommonClasses (34ms)
	RebuildNativeTypeToScriptingClass (12ms)
	initialDomainReloadingComplete (24ms)
	LoadAllAssembliesAndSetupDomain (430ms)
		LoadAssemblies (337ms)
		RebuildTransferFunctionScriptingTraits (0ms)
		AnalyzeDomain (200ms)
			TypeCache.Refresh (7ms)
				TypeCache.ScanAssembly (0ms)
			BuildScriptInfoCaches (175ms)
			ResolveRequiredComponents (12ms)
	FinalizeReload (736ms)
		ReleaseScriptCaches (0ms)
		RebuildScriptCaches (0ms)
		SetupLoadedEditorAssemblies (582ms)
			LogAssemblyErrors (0ms)
			InitializePlatformSupportModulesInManaged (2ms)
			SetLoadedEditorAssemblies (7ms)
			BeforeProcessingInitializeOnLoad (123ms)
			ProcessInitializeOnLoadAttributes (387ms)
			ProcessInitializeOnLoadMethodAttributes (62ms)
			AfterProcessingInitializeOnLoad (2ms)
			EditorAssembliesLoaded (0ms)
		ExecutionOrderSort2 (0ms)
		AwakeInstancesAfterBackupRestoration (16ms)
Refreshing native plugins compatible for Editor in 1.52 ms, found 4 plugins.
Preloading 0 native plugins for Editor in 0.00 ms.
Unloading 14 Unused Serialized files (Serialized files now loaded: 0)
Unloading 6738 unused Assets / (4.4 MB). Loaded Objects now: 7617.
Memory consumption went from 176.3 MB to 171.9 MB.
Total: 12.593200 ms (FindLiveObjects: 0.981000 ms CreateObjectMapping: 0.791300 ms MarkObjects: 7.490900 ms  DeleteObjects: 3.328500 ms)

Prepare: number of updated asset objects reloaded= 0
========================================================================
Received Prepare
Refreshing native plugins compatible for Editor in 1.30 ms, found 4 plugins.
Preloading 0 native plugins for Editor in 0.00 ms.
Unloading 14 Unused Serialized files (Serialized files now loaded: 0)
Unloading 6727 unused Assets / (4.8 MB). Loaded Objects now: 7617.
Memory consumption went from 178.4 MB to 173.7 MB.
Total: 10.743900 ms (FindLiveObjects: 1.289300 ms CreateObjectMapping: 0.943400 ms MarkObjects: 5.189600 ms  DeleteObjects: 3.320500 ms)

Prepare: number of updated asset objects reloaded= 0
========================================================================
Received Prepare
Begin MonoManager ReloadAssembly
[Licensing::Client] Successfully resolved entitlement details
[Licensing::Module] License group:
  Id: F4-TWEP-24VP-ZS6R-YX9T-XXXX
  Product: Unity Personal
  Type: ULF
  Expiration: Unlimited
[Licensing::Module] License group:
  Id: 20066262259733-UnityPersXXXX
  Product: Unity Personal
  Type: Assigned
  Expiration: Unlimited
- Loaded All Assemblies, in  0.774 seconds
Refreshing native plugins compatible for Editor in 1.71 ms, found 4 plugins.
Native extension for WindowsStandalone target not found
Mono: successfully reloaded assembly
- Finished resetting the current domain, in  0.687 seconds
Domain Reload Profiling: 1464ms
	BeginReloadAssembly (226ms)
		ExecutionOrderSort (0ms)
		DisableScriptedObjects (17ms)
		BackupInstance (0ms)
		ReleaseScriptingObjects (0ms)
		CreateAndSetChildDomain (47ms)
	RebuildCommonClasses (52ms)
	RebuildNativeTypeToScriptingClass (16ms)
	initialDomainReloadingComplete (29ms)
	LoadAllAssembliesAndSetupDomain (453ms)
		LoadAssemblies (350ms)
		RebuildTransferFunctionScriptingTraits (0ms)
		AnalyzeDomain (212ms)
			TypeCache.Refresh (11ms)
				TypeCache.ScanAssembly (0ms)
			BuildScriptInfoCaches (186ms)
			ResolveRequiredComponents (10ms)
	FinalizeReload (687ms)
		ReleaseScriptCaches (0ms)
		RebuildScriptCaches (0ms)
		SetupLoadedEditorAssemblies (524ms)
			LogAssemblyErrors (0ms)
			InitializePlatformSupportModulesInManaged (2ms)
			SetLoadedEditorAssemblies (7ms)
			BeforeProcessingInitializeOnLoad (128ms)
			ProcessInitializeOnLoadAttributes (326ms)
			ProcessInitializeOnLoadMethodAttributes (59ms)
			AfterProcessingInitializeOnLoad (2ms)
			EditorAssembliesLoaded (0ms)
		ExecutionOrderSort2 (0ms)
		AwakeInstancesAfterBackupRestoration (14ms)
Refreshing native plugins compatible for Editor in 1.38 ms, found 4 plugins.
Preloading 0 native plugins for Editor in 0.00 ms.
Unloading 14 Unused Serialized files (Serialized files now loaded: 0)
Unloading 6738 unused Assets / (4.4 MB). Loaded Objects now: 7619.
Memory consumption went from 180.3 MB to 175.9 MB.
Total: 12.178600 ms (FindLiveObjects: 0.898300 ms CreateObjectMapping: 0.753400 ms MarkObjects: 6.350500 ms  DeleteObjects: 4.174600 ms)

Prepare: number of updated asset objects reloaded= 0
========================================================================
Received Prepare
Begin MonoManager ReloadAssembly
- Loaded All Assemblies, in  0.733 seconds
Refreshing native plugins compatible for Editor in 1.38 ms, found 4 plugins.
Native extension for WindowsStandalone target not found
Mono: successfully reloaded assembly
- Finished resetting the current domain, in  0.755 seconds
Domain Reload Profiling: 1491ms
	BeginReloadAssembly (223ms)
		ExecutionOrderSort (0ms)
		DisableScriptedObjects (13ms)
		BackupInstance (0ms)
		ReleaseScriptingObjects (0ms)
		CreateAndSetChildDomain (52ms)
	RebuildCommonClasses (35ms)
	RebuildNativeTypeToScriptingClass (12ms)
	initialDomainReloadingComplete (24ms)
	LoadAllAssembliesAndSetupDomain (442ms)
		LoadAssemblies (345ms)
		RebuildTransferFunctionScriptingTraits (0ms)
		AnalyzeDomain (202ms)
			TypeCache.Refresh (9ms)
				TypeCache.ScanAssembly (0ms)
			BuildScriptInfoCaches (179ms)
			ResolveRequiredComponents (10ms)
	FinalizeReload (756ms)
		ReleaseScriptCaches (0ms)
		RebuildScriptCaches (0ms)
		SetupLoadedEditorAssemblies (585ms)
			LogAssemblyErrors (0ms)
			InitializePlatformSupportModulesInManaged (2ms)
			SetLoadedEditorAssemblies (6ms)
			BeforeProcessingInitializeOnLoad (130ms)
			ProcessInitializeOnLoadAttributes (382ms)
			ProcessInitializeOnLoadMethodAttributes (64ms)
			AfterProcessingInitializeOnLoad (2ms)
			EditorAssembliesLoaded (0ms)
		ExecutionOrderSort2 (0ms)
		AwakeInstancesAfterBackupRestoration (16ms)
Refreshing native plugins compatible for Editor in 1.79 ms, found 4 plugins.
Preloading 0 native plugins for Editor in 0.00 ms.
Unloading 14 Unused Serialized files (Serialized files now loaded: 0)
Unloading 6738 unused Assets / (4.9 MB). Loaded Objects now: 7621.
Memory consumption went from 182.5 MB to 177.6 MB.
Total: 10.388900 ms (FindLiveObjects: 0.756400 ms CreateObjectMapping: 0.858400 ms MarkObjects: 4.655100 ms  DeleteObjects: 4.117400 ms)

Prepare: number of updated asset objects reloaded= 0
========================================================================
Received Prepare
Refreshing native plugins compatible for Editor in 1.35 ms, found 4 plugins.
Preloading 0 native plugins for Editor in 0.00 ms.
Unloading 14 Unused Serialized files (Serialized files now loaded: 0)
Unloading 6727 unused Assets / (4.5 MB). Loaded Objects now: 7621.
Memory consumption went from 184.7 MB to 180.1 MB.
Total: 11.335900 ms (FindLiveObjects: 1.262000 ms CreateObjectMapping: 0.967200 ms MarkObjects: 6.234100 ms  DeleteObjects: 2.871300 ms)

Prepare: number of updated asset objects reloaded= 0
========================================================================
Received Prepare
Begin MonoManager ReloadAssembly
[Licensing::Client] Successfully resolved entitlement details
[Licensing::Module] License group:
  Id: F4-TWEP-24VP-ZS6R-YX9T-XXXX
  Product: Unity Personal
  Type: ULF
  Expiration: Unlimited
[Licensing::Module] License group:
  Id: 20066262259733-UnityPersXXXX
  Product: Unity Personal
  Type: Assigned
  Expiration: Unlimited
- Loaded All Assemblies, in  0.804 seconds
Refreshing native plugins compatible for Editor in 1.29 ms, found 4 plugins.
Native extension for WindowsStandalone target not found
Mono: successfully reloaded assembly
- Finished resetting the current domain, in  0.696 seconds
Domain Reload Profiling: 1502ms
	BeginReloadAssembly (245ms)
		ExecutionOrderSort (0ms)
		DisableScriptedObjects (16ms)
		BackupInstance (0ms)
		ReleaseScriptingObjects (0ms)
		CreateAndSetChildDomain (63ms)
	RebuildCommonClasses (37ms)
	RebuildNativeTypeToScriptingClass (12ms)
	initialDomainReloadingComplete (23ms)
	LoadAllAssembliesAndSetupDomain (490ms)
		LoadAssemblies (386ms)
		RebuildTransferFunctionScriptingTraits (0ms)
		AnalyzeDomain (212ms)
			TypeCache.Refresh (10ms)
				TypeCache.ScanAssembly (0ms)
			BuildScriptInfoCaches (186ms)
			ResolveRequiredComponents (10ms)
	FinalizeReload (696ms)
		ReleaseScriptCaches (0ms)
		RebuildScriptCaches (0ms)
		SetupLoadedEditorAssemblies (544ms)
			LogAssemblyErrors (0ms)
			InitializePlatformSupportModulesInManaged (2ms)
			SetLoadedEditorAssemblies (7ms)
			BeforeProcessingInitializeOnLoad (128ms)
			ProcessInitializeOnLoadAttributes (350ms)
			ProcessInitializeOnLoadMethodAttributes (55ms)
			AfterProcessingInitializeOnLoad (2ms)
			EditorAssembliesLoaded (0ms)
		ExecutionOrderSort2 (0ms)
		AwakeInstancesAfterBackupRestoration (14ms)
Refreshing native plugins compatible for Editor in 1.32 ms, found 4 plugins.
Preloading 0 native plugins for Editor in 0.00 ms.
Unloading 14 Unused Serialized files (Serialized files now loaded: 0)
Unloading 6738 unused Assets / (4.4 MB). Loaded Objects now: 7623.
Memory consumption went from 186.6 MB to 182.2 MB.
Total: 9.158300 ms (FindLiveObjects: 0.764200 ms CreateObjectMapping: 0.659300 ms MarkObjects: 5.105800 ms  DeleteObjects: 2.627900 ms)

Prepare: number of updated asset objects reloaded= 0
========================================================================
Received Prepare
Begin MonoManager ReloadAssembly
- Loaded All Assemblies, in  0.763 seconds
Refreshing native plugins compatible for Editor in 1.57 ms, found 4 plugins.
Native extension for WindowsStandalone target not found
Mono: successfully reloaded assembly
- Finished resetting the current domain, in  0.749 seconds
Domain Reload Profiling: 1514ms
	BeginReloadAssembly (231ms)
		ExecutionOrderSort (0ms)
		DisableScriptedObjects (14ms)
		BackupInstance (0ms)
		ReleaseScriptingObjects (0ms)
		CreateAndSetChildDomain (47ms)
	RebuildCommonClasses (38ms)
	RebuildNativeTypeToScriptingClass (15ms)
	initialDomainReloadingComplete (23ms)
	LoadAllAssembliesAndSetupDomain (458ms)
		LoadAssemblies (351ms)
		RebuildTransferFunctionScriptingTraits (0ms)
		AnalyzeDomain (215ms)
			TypeCache.Refresh (7ms)
				TypeCache.ScanAssembly (0ms)
			BuildScriptInfoCaches (192ms)
			ResolveRequiredComponents (9ms)
	FinalizeReload (749ms)
		ReleaseScriptCaches (0ms)
		RebuildScriptCaches (0ms)
		SetupLoadedEditorAssemblies (585ms)
			LogAssemblyErrors (0ms)
			InitializePlatformSupportModulesInManaged (1ms)
			SetLoadedEditorAssemblies (7ms)
			BeforeProcessingInitializeOnLoad (127ms)
			ProcessInitializeOnLoadAttributes (383ms)
			ProcessInitializeOnLoadMethodAttributes (64ms)
			AfterProcessingInitializeOnLoad (2ms)
			EditorAssembliesLoaded (0ms)
		ExecutionOrderSort2 (0ms)
		AwakeInstancesAfterBackupRestoration (18ms)
Refreshing native plugins compatible for Editor in 1.40 ms, found 4 plugins.
Preloading 0 native plugins for Editor in 0.00 ms.
Unloading 14 Unused Serialized files (Serialized files now loaded: 0)
Unloading 6738 unused Assets / (5.2 MB). Loaded Objects now: 7625.
Memory consumption went from 188.7 MB to 183.5 MB.
Total: 12.476800 ms (FindLiveObjects: 0.899900 ms CreateObjectMapping: 1.815700 ms MarkObjects: 4.905100 ms  DeleteObjects: 4.854300 ms)

Prepare: number of updated asset objects reloaded= 0
========================================================================
Received Prepare
Refreshing native plugins compatible for Editor in 1.40 ms, found 4 plugins.
Preloading 0 native plugins for Editor in 0.00 ms.
Unloading 14 Unused Serialized files (Serialized files now loaded: 0)
Unloading 6727 unused Assets / (4.4 MB). Loaded Objects now: 7625.
Memory consumption went from 190.9 MB to 186.5 MB.
Total: 9.361800 ms (FindLiveObjects: 0.738100 ms CreateObjectMapping: 0.795600 ms MarkObjects: 4.650800 ms  DeleteObjects: 3.176300 ms)

Prepare: number of updated asset objects reloaded= 0
========================================================================
Received Prepare
Begin MonoManager ReloadAssembly
[Licensing::Client] Successfully resolved entitlement details
[Licensing::Module] License group:
  Id: F4-TWEP-24VP-ZS6R-YX9T-XXXX
  Product: Unity Personal
  Type: ULF
  Expiration: Unlimited
[Licensing::Module] License group:
  Id: 20066262259733-UnityPersXXXX
  Product: Unity Personal
  Type: Assigned
  Expiration: Unlimited
- Loaded All Assemblies, in  0.741 seconds
Refreshing native plugins compatible for Editor in 1.65 ms, found 4 plugins.
Native extension for WindowsStandalone target not found
Mono: successfully reloaded assembly
- Finished resetting the current domain, in  0.792 seconds
Domain Reload Profiling: 1536ms
	BeginReloadAssembly (234ms)
		ExecutionOrderSort (0ms)
		DisableScriptedObjects (19ms)
		BackupInstance (0ms)
		ReleaseScriptingObjects (0ms)
		CreateAndSetChildDomain (46ms)
	RebuildCommonClasses (35ms)
	RebuildNativeTypeToScriptingClass (12ms)
	initialDomainReloadingComplete (23ms)
	LoadAllAssembliesAndSetupDomain (438ms)
		LoadAssemblies (339ms)
		RebuildTransferFunctionScriptingTraits (0ms)
		AnalyzeDomain (215ms)
			TypeCache.Refresh (11ms)
				TypeCache.ScanAssembly (0ms)
			BuildScriptInfoCaches (185ms)
			ResolveRequiredComponents (13ms)
	FinalizeReload (793ms)
		ReleaseScriptCaches (0ms)
		RebuildScriptCaches (0ms)
		SetupLoadedEditorAssemblies (611ms)
			LogAssemblyErrors (0ms)
			InitializePlatformSupportModulesInManaged (2ms)
			SetLoadedEditorAssemblies (5ms)
			BeforeProcessingInitializeOnLoad (144ms)
			ProcessInitializeOnLoadAttributes (392ms)
			ProcessInitializeOnLoadMethodAttributes (65ms)
			AfterProcessingInitializeOnLoad (2ms)
			EditorAssembliesLoaded (1ms)
		ExecutionOrderSort2 (0ms)
		AwakeInstancesAfterBackupRestoration (19ms)
Refreshing native plugins compatible for Editor in 1.62 ms, found 4 plugins.
Preloading 0 native plugins for Editor in 0.00 ms.
Unloading 14 Unused Serialized files (Serialized files now loaded: 0)
Unloading 6738 unused Assets / (4.4 MB). Loaded Objects now: 7627.
Memory consumption went from 192.8 MB to 188.4 MB.
Total: 8.919000 ms (FindLiveObjects: 0.798000 ms CreateObjectMapping: 0.702300 ms MarkObjects: 4.492600 ms  DeleteObjects: 2.925100 ms)

Prepare: number of updated asset objects reloaded= 0
========================================================================
Received Prepare
Begin MonoManager ReloadAssembly
- Loaded All Assemblies, in  0.808 seconds
Refreshing native plugins compatible for Editor in 1.25 ms, found 4 plugins.
Native extension for WindowsStandalone target not found
Mono: successfully reloaded assembly
- Finished resetting the current domain, in  0.753 seconds
Domain Reload Profiling: 1566ms
	BeginReloadAssembly (233ms)
		ExecutionOrderSort (0ms)
		DisableScriptedObjects (17ms)
		BackupInstance (0ms)
		ReleaseScriptingObjects (0ms)
		CreateAndSetChildDomain (52ms)
	RebuildCommonClasses (40ms)
	RebuildNativeTypeToScriptingClass (14ms)
	initialDomainReloadingComplete (30ms)
	LoadAllAssembliesAndSetupDomain (496ms)
		LoadAssemblies (357ms)
		RebuildTransferFunctionScriptingTraits (0ms)
		AnalyzeDomain (249ms)
			TypeCache.Refresh (7ms)
				TypeCache.ScanAssembly (0ms)
			BuildScriptInfoCaches (218ms)
			ResolveRequiredComponents (15ms)
	FinalizeReload (754ms)
		ReleaseScriptCaches (0ms)
		RebuildScriptCaches (0ms)
		SetupLoadedEditorAssemblies (593ms)
			LogAssemblyErrors (0ms)
			InitializePlatformSupportModulesInManaged (2ms)
			SetLoadedEditorAssemblies (7ms)
			BeforeProcessingInitializeOnLoad (130ms)
			ProcessInitializeOnLoadAttributes (387ms)
			ProcessInitializeOnLoadMethodAttributes (65ms)
			AfterProcessingInitializeOnLoad (2ms)
			EditorAssembliesLoaded (0ms)
		ExecutionOrderSort2 (0ms)
		AwakeInstancesAfterBackupRestoration (16ms)
Refreshing native plugins compatible for Editor in 1.66 ms, found 4 plugins.
Preloading 0 native plugins for Editor in 0.00 ms.
Unloading 14 Unused Serialized files (Serialized files now loaded: 0)
Unloading 6738 unused Assets / (4.4 MB). Loaded Objects now: 7629.
Memory consumption went from 194.8 MB to 190.4 MB.
Total: 10.344000 ms (FindLiveObjects: 0.901800 ms CreateObjectMapping: 0.953500 ms MarkObjects: 5.552700 ms  DeleteObjects: 2.934800 ms)

Prepare: number of updated asset objects reloaded= 0
========================================================================
Received Prepare
Refreshing native plugins compatible for Editor in 1.33 ms, found 4 plugins.
Preloading 0 native plugins for Editor in 0.00 ms.
Unloading 14 Unused Serialized files (Serialized files now loaded: 0)
Unloading 6727 unused Assets / (4.4 MB). Loaded Objects now: 7629.
Memory consumption went from 197.0 MB to 192.6 MB.
Total: 9.480300 ms (FindLiveObjects: 0.757200 ms CreateObjectMapping: 0.719000 ms MarkObjects: 4.847700 ms  DeleteObjects: 3.153500 ms)

Prepare: number of updated asset objects reloaded= 0
========================================================================
Received Prepare
Begin MonoManager ReloadAssembly
- Loaded All Assemblies, in  0.779 seconds
Refreshing native plugins compatible for Editor in 1.28 ms, found 4 plugins.
Native extension for WindowsStandalone target not found
Mono: successfully reloaded assembly
- Finished resetting the current domain, in  0.680 seconds
Domain Reload Profiling: 1461ms
	BeginReloadAssembly (230ms)
		ExecutionOrderSort (0ms)
		DisableScriptedObjects (13ms)
		BackupInstance (0ms)
		ReleaseScriptingObjects (0ms)
		CreateAndSetChildDomain (50ms)
	RebuildCommonClasses (37ms)
	RebuildNativeTypeToScriptingClass (12ms)
	initialDomainReloadingComplete (27ms)
	LoadAllAssembliesAndSetupDomain (474ms)
		LoadAssemblies (358ms)
		RebuildTransferFunctionScriptingTraits (0ms)
		AnalyzeDomain (221ms)
			TypeCache.Refresh (11ms)
				TypeCache.ScanAssembly (0ms)
			BuildScriptInfoCaches (195ms)
			ResolveRequiredComponents (10ms)
	FinalizeReload (681ms)
		ReleaseScriptCaches (0ms)
		RebuildScriptCaches (0ms)
		SetupLoadedEditorAssemblies (532ms)
			LogAssemblyErrors (0ms)
			InitializePlatformSupportModulesInManaged (1ms)
			SetLoadedEditorAssemblies (6ms)
			BeforeProcessingInitializeOnLoad (130ms)
			ProcessInitializeOnLoadAttributes (339ms)
			ProcessInitializeOnLoadMethodAttributes (53ms)
			AfterProcessingInitializeOnLoad (1ms)
			EditorAssembliesLoaded (0ms)
		ExecutionOrderSort2 (0ms)
		AwakeInstancesAfterBackupRestoration (13ms)
Refreshing native plugins compatible for Editor in 1.35 ms, found 4 plugins.
Preloading 0 native plugins for Editor in 0.00 ms.
Unloading 14 Unused Serialized files (Serialized files now loaded: 0)
Unloading 6738 unused Assets / (4.5 MB). Loaded Objects now: 7631.
Memory consumption went from 199.0 MB to 194.5 MB.
Total: 9.911700 ms (FindLiveObjects: 0.880700 ms CreateObjectMapping: 1.003900 ms MarkObjects: 5.157700 ms  DeleteObjects: 2.868600 ms)

Prepare: number of updated asset objects reloaded= 0
========================================================================
Received Prepare
Begin MonoManager ReloadAssembly
- Loaded All Assemblies, in  0.761 seconds
Refreshing native plugins compatible for Editor in 1.30 ms, found 4 plugins.
Native extension for WindowsStandalone target not found
Mono: successfully reloaded assembly
- Finished resetting the current domain, in  0.790 seconds
Domain Reload Profiling: 1555ms
	BeginReloadAssembly (223ms)
		ExecutionOrderSort (0ms)
		DisableScriptedObjects (13ms)
		BackupInstance (0ms)
		ReleaseScriptingObjects (0ms)
		CreateAndSetChildDomain (49ms)
	RebuildCommonClasses (57ms)
	RebuildNativeTypeToScriptingClass (18ms)
	initialDomainReloadingComplete (36ms)
	LoadAllAssembliesAndSetupDomain (430ms)
		LoadAssemblies (339ms)
		RebuildTransferFunctionScriptingTraits (0ms)
		AnalyzeDomain (198ms)
			TypeCache.Refresh (7ms)
				TypeCache.ScanAssembly (0ms)
			BuildScriptInfoCaches (176ms)
			ResolveRequiredComponents (9ms)
	FinalizeReload (791ms)
		ReleaseScriptCaches (0ms)
		RebuildScriptCaches (0ms)
		SetupLoadedEditorAssemblies (613ms)
			LogAssemblyErrors (0ms)
			InitializePlatformSupportModulesInManaged (2ms)
			SetLoadedEditorAssemblies (6ms)
			BeforeProcessingInitializeOnLoad (122ms)
			ProcessInitializeOnLoadAttributes (417ms)
			ProcessInitializeOnLoadMethodAttributes (64ms)
			AfterProcessingInitializeOnLoad (2ms)
			EditorAssembliesLoaded (1ms)
		ExecutionOrderSort2 (0ms)
		AwakeInstancesAfterBackupRestoration (17ms)
Refreshing native plugins compatible for Editor in 1.62 ms, found 4 plugins.
Preloading 0 native plugins for Editor in 0.00 ms.
Unloading 14 Unused Serialized files (Serialized files now loaded: 0)
Unloading 6738 unused Assets / (4.6 MB). Loaded Objects now: 7633.
Memory consumption went from 201.1 MB to 196.5 MB.
Total: 11.274400 ms (FindLiveObjects: 0.807900 ms CreateObjectMapping: 0.866500 ms MarkObjects: 5.522000 ms  DeleteObjects: 4.077000 ms)

Prepare: number of updated asset objects reloaded= 0
========================================================================
Received Prepare
Refreshing native plugins compatible for Editor in 1.37 ms, found 4 plugins.
Preloading 0 native plugins for Editor in 0.00 ms.
Unloading 14 Unused Serialized files (Serialized files now loaded: 0)
Unloading 6727 unused Assets / (4.5 MB). Loaded Objects now: 7633.
Memory consumption went from 203.3 MB to 198.7 MB.
Total: 9.586400 ms (FindLiveObjects: 0.743000 ms CreateObjectMapping: 0.775000 ms MarkObjects: 4.834600 ms  DeleteObjects: 3.232400 ms)

Prepare: number of updated asset objects reloaded= 0
========================================================================
Received Prepare
Begin MonoManager ReloadAssembly
[Licensing::Client] Successfully resolved entitlement details
[Licensing::Module] License group:
  Id: F4-TWEP-24VP-ZS6R-YX9T-XXXX
  Product: Unity Personal
  Type: ULF
  Expiration: Unlimited
[Licensing::Module] License group:
  Id: 20066262259733-UnityPersXXXX
  Product: Unity Personal
  Type: Assigned
  Expiration: Unlimited
- Loaded All Assemblies, in  0.711 seconds
Refreshing native plugins compatible for Editor in 1.56 ms, found 4 plugins.
Native extension for WindowsStandalone target not found
Mono: successfully reloaded assembly
- Finished resetting the current domain, in  0.784 seconds
Domain Reload Profiling: 1500ms
	BeginReloadAssembly (219ms)
		ExecutionOrderSort (0ms)
		DisableScriptedObjects (14ms)
		BackupInstance (0ms)
		ReleaseScriptingObjects (0ms)
		CreateAndSetChildDomain (48ms)
	RebuildCommonClasses (35ms)
	RebuildNativeTypeToScriptingClass (14ms)
	initialDomainReloadingComplete (22ms)
	LoadAllAssembliesAndSetupDomain (425ms)
		LoadAssemblies (335ms)
		RebuildTransferFunctionScriptingTraits (0ms)
		AnalyzeDomain (193ms)
			TypeCache.Refresh (11ms)
				TypeCache.ScanAssembly (1ms)
			BuildScriptInfoCaches (167ms)
			ResolveRequiredComponents (9ms)
	FinalizeReload (785ms)
		ReleaseScriptCaches (0ms)
		RebuildScriptCaches (0ms)
		SetupLoadedEditorAssemblies (606ms)
			LogAssemblyErrors (0ms)
			InitializePlatformSupportModulesInManaged (2ms)
			SetLoadedEditorAssemblies (6ms)
			BeforeProcessingInitializeOnLoad (141ms)
			ProcessInitializeOnLoadAttributes (388ms)
			ProcessInitializeOnLoadMethodAttributes (67ms)
			AfterProcessingInitializeOnLoad (2ms)
			EditorAssembliesLoaded (0ms)
		ExecutionOrderSort2 (0ms)
		AwakeInstancesAfterBackupRestoration (16ms)
Refreshing native plugins compatible for Editor in 1.49 ms, found 4 plugins.
Preloading 0 native plugins for Editor in 0.00 ms.
Unloading 14 Unused Serialized files (Serialized files now loaded: 0)
Unloading 6738 unused Assets / (4.7 MB). Loaded Objects now: 7635.
Memory consumption went from 205.2 MB to 200.6 MB.
Total: 11.720200 ms (FindLiveObjects: 1.096400 ms CreateObjectMapping: 1.012400 ms MarkObjects: 5.252500 ms  DeleteObjects: 4.357200 ms)

Prepare: number of updated asset objects reloaded= 0
========================================================================
Received Prepare
Begin MonoManager ReloadAssembly
- Loaded All Assemblies, in  0.733 seconds
Refreshing native plugins compatible for Editor in 1.73 ms, found 4 plugins.
Native extension for WindowsStandalone target not found
Mono: successfully reloaded assembly
- Finished resetting the current domain, in  0.744 seconds
Domain Reload Profiling: 1483ms
	BeginReloadAssembly (223ms)
		ExecutionOrderSort (0ms)
		DisableScriptedObjects (14ms)
		BackupInstance (0ms)
		ReleaseScriptingObjects (0ms)
		CreateAndSetChildDomain (47ms)
	RebuildCommonClasses (33ms)
	RebuildNativeTypeToScriptingClass (11ms)
	initialDomainReloadingComplete (23ms)
	LoadAllAssembliesAndSetupDomain (448ms)
		LoadAssemblies (349ms)
		RebuildTransferFunctionScriptingTraits (0ms)
		AnalyzeDomain (203ms)
			TypeCache.Refresh (8ms)
				TypeCache.ScanAssembly (0ms)
			BuildScriptInfoCaches (177ms)
			ResolveRequiredComponents (12ms)
	FinalizeReload (745ms)
		ReleaseScriptCaches (0ms)
		RebuildScriptCaches (0ms)
		SetupLoadedEditorAssemblies (586ms)
			LogAssemblyErrors (0ms)
			InitializePlatformSupportModulesInManaged (1ms)
			SetLoadedEditorAssemblies (6ms)
			BeforeProcessingInitializeOnLoad (121ms)
			ProcessInitializeOnLoadAttributes (387ms)
			ProcessInitializeOnLoadMethodAttributes (68ms)
			AfterProcessingInitializeOnLoad (2ms)
			EditorAssembliesLoaded (1ms)
		ExecutionOrderSort2 (0ms)
		AwakeInstancesAfterBackupRestoration (17ms)
Refreshing native plugins compatible for Editor in 1.50 ms, found 4 plugins.
Preloading 0 native plugins for Editor in 0.00 ms.
Unloading 14 Unused Serialized files (Serialized files now loaded: 0)
Unloading 6738 unused Assets / (4.5 MB). Loaded Objects now: 7637.
Memory consumption went from 207.3 MB to 202.8 MB.
Total: 9.856900 ms (FindLiveObjects: 0.860600 ms CreateObjectMapping: 0.841400 ms MarkObjects: 4.735800 ms  DeleteObjects: 3.418000 ms)

Prepare: number of updated asset objects reloaded= 0
========================================================================
Received Prepare
Refreshing native plugins compatible for Editor in 1.42 ms, found 4 plugins.
Preloading 0 native plugins for Editor in 0.00 ms.
Unloading 14 Unused Serialized files (Serialized files now loaded: 0)
Unloading 6727 unused Assets / (5.2 MB). Loaded Objects now: 7637.
Memory consumption went from 209.5 MB to 204.3 MB.
Total: 13.996500 ms (FindLiveObjects: 1.085000 ms CreateObjectMapping: 1.315200 ms MarkObjects: 7.139000 ms  DeleteObjects: 4.456000 ms)

Prepare: number of updated asset objects reloaded= 0
========================================================================
Received Prepare
Begin MonoManager ReloadAssembly
[Licensing::Client] Successfully resolved entitlement details
[Licensing::Module] License group:
  Id: F4-TWEP-24VP-ZS6R-YX9T-XXXX
  Product: Unity Personal
  Type: ULF
  Expiration: Unlimited
[Licensing::Module] License group:
  Id: 20066262259733-UnityPersXXXX
  Product: Unity Personal
  Type: Assigned
  Expiration: Unlimited
- Loaded All Assemblies, in  0.812 seconds
Refreshing native plugins compatible for Editor in 1.31 ms, found 4 plugins.
Native extension for WindowsStandalone target not found
Mono: successfully reloaded assembly
- Finished resetting the current domain, in  0.641 seconds
Domain Reload Profiling: 1457ms
	BeginReloadAssembly (255ms)
		ExecutionOrderSort (0ms)
		DisableScriptedObjects (16ms)
		BackupInstance (0ms)
		ReleaseScriptingObjects (0ms)
		CreateAndSetChildDomain (60ms)
	RebuildCommonClasses (38ms)
	RebuildNativeTypeToScriptingClass (11ms)
	initialDomainReloadingComplete (25ms)
	LoadAllAssembliesAndSetupDomain (486ms)
		LoadAssemblies (389ms)
		RebuildTransferFunctionScriptingTraits (0ms)
		AnalyzeDomain (214ms)
			TypeCache.Refresh (12ms)
				TypeCache.ScanAssembly (0ms)
			BuildScriptInfoCaches (182ms)
			ResolveRequiredComponents (14ms)
	FinalizeReload (642ms)
		ReleaseScriptCaches (0ms)
		RebuildScriptCaches (0ms)
		SetupLoadedEditorAssemblies (492ms)
			LogAssemblyErrors (0ms)
			InitializePlatformSupportModulesInManaged (1ms)
			SetLoadedEditorAssemblies (6ms)
			BeforeProcessingInitializeOnLoad (119ms)
			ProcessInitializeOnLoadAttributes (312ms)
			ProcessInitializeOnLoadMethodAttributes (52ms)
			AfterProcessingInitializeOnLoad (1ms)
			EditorAssembliesLoaded (0ms)
		ExecutionOrderSort2 (0ms)
		AwakeInstancesAfterBackupRestoration (13ms)
Refreshing native plugins compatible for Editor in 1.62 ms, found 4 plugins.
Preloading 0 native plugins for Editor in 0.00 ms.
Unloading 14 Unused Serialized files (Serialized files now loaded: 0)
Unloading 6738 unused Assets / (4.4 MB). Loaded Objects now: 7639.
Memory consumption went from 211.4 MB to 207.0 MB.
Total: 9.310500 ms (FindLiveObjects: 0.884700 ms CreateObjectMapping: 0.739000 ms MarkObjects: 4.649600 ms  DeleteObjects: 3.035700 ms)

Prepare: number of updated asset objects reloaded= 0
========================================================================
Received Prepare
Begin MonoManager ReloadAssembly
- Loaded All Assemblies, in  0.740 seconds
Refreshing native plugins compatible for Editor in 1.26 ms, found 4 plugins.
Native extension for WindowsStandalone target not found
Mono: successfully reloaded assembly
- Finished resetting the current domain, in  0.744 seconds
Domain Reload Profiling: 1486ms
	BeginReloadAssembly (220ms)
		ExecutionOrderSort (0ms)
		DisableScriptedObjects (13ms)
		BackupInstance (0ms)
		ReleaseScriptingObjects (0ms)
		CreateAndSetChildDomain (49ms)
	RebuildCommonClasses (37ms)
	RebuildNativeTypeToScriptingClass (19ms)
	initialDomainReloadingComplete (23ms)
	LoadAllAssembliesAndSetupDomain (443ms)
		LoadAssemblies (338ms)
		RebuildTransferFunctionScriptingTraits (0ms)
		AnalyzeDomain (213ms)
			TypeCache.Refresh (11ms)
				TypeCache.ScanAssembly (0ms)
			BuildScriptInfoCaches (186ms)
			ResolveRequiredComponents (10ms)
	FinalizeReload (744ms)
		ReleaseScriptCaches (0ms)
		RebuildScriptCaches (0ms)
		SetupLoadedEditorAssemblies (586ms)
			LogAssemblyErrors (0ms)
			InitializePlatformSupportModulesInManaged (1ms)
			SetLoadedEditorAssemblies (7ms)
			BeforeProcessingInitializeOnLoad (123ms)
			ProcessInitializeOnLoadAttributes (389ms)
			ProcessInitializeOnLoadMethodAttributes (63ms)
			AfterProcessingInitializeOnLoad (2ms)
			EditorAssembliesLoaded (0ms)
		ExecutionOrderSort2 (0ms)
		AwakeInstancesAfterBackupRestoration (17ms)
Refreshing native plugins compatible for Editor in 2.02 ms, found 4 plugins.
Preloading 0 native plugins for Editor in 0.00 ms.
Unloading 14 Unused Serialized files (Serialized files now loaded: 0)
Unloading 6738 unused Assets / (4.7 MB). Loaded Objects now: 7641.
Memory consumption went from 213.5 MB to 208.9 MB.
Total: 11.412900 ms (FindLiveObjects: 1.206500 ms CreateObjectMapping: 1.388400 ms MarkObjects: 4.976200 ms  DeleteObjects: 3.839700 ms)

Prepare: number of updated asset objects reloaded= 0
========================================================================
Received Prepare
Begin MonoManager ReloadAssembly
- Loaded All Assemblies, in  0.746 seconds
Refreshing native plugins compatible for Editor in 1.39 ms, found 4 plugins.
Native extension for WindowsStandalone target not found
Mono: successfully reloaded assembly
- Finished resetting the current domain, in  0.804 seconds
Domain Reload Profiling: 1553ms
	BeginReloadAssembly (233ms)
		ExecutionOrderSort (0ms)
		DisableScriptedObjects (13ms)
		BackupInstance (0ms)
		ReleaseScriptingObjects (0ms)
		CreateAndSetChildDomain (46ms)
	RebuildCommonClasses (45ms)
	RebuildNativeTypeToScriptingClass (11ms)
	initialDomainReloadingComplete (27ms)
	LoadAllAssembliesAndSetupDomain (433ms)
		LoadAssemblies (356ms)
		RebuildTransferFunctionScriptingTraits (0ms)
		AnalyzeDomain (195ms)
			TypeCache.Refresh (8ms)
				TypeCache.ScanAssembly (0ms)
			BuildScriptInfoCaches (171ms)
			ResolveRequiredComponents (9ms)
	FinalizeReload (804ms)
		ReleaseScriptCaches (0ms)
		RebuildScriptCaches (0ms)
		SetupLoadedEditorAssemblies (639ms)
			LogAssemblyErrors (0ms)
			InitializePlatformSupportModulesInManaged (2ms)
			SetLoadedEditorAssemblies (8ms)
			BeforeProcessingInitializeOnLoad (146ms)
			ProcessInitializeOnLoadAttributes (417ms)
			ProcessInitializeOnLoadMethodAttributes (65ms)
			AfterProcessingInitializeOnLoad (2ms)
			EditorAssembliesLoaded (0ms)
		ExecutionOrderSort2 (0ms)
		AwakeInstancesAfterBackupRestoration (17ms)
Refreshing native plugins compatible for Editor in 1.98 ms, found 4 plugins.
Preloading 0 native plugins for Editor in 0.00 ms.
Unloading 14 Unused Serialized files (Serialized files now loaded: 0)
Unloading 6738 unused Assets / (4.6 MB). Loaded Objects now: 7643.
Memory consumption went from 215.6 MB to 211.0 MB.
Total: 10.403000 ms (FindLiveObjects: 0.920700 ms CreateObjectMapping: 0.843000 ms MarkObjects: 5.192400 ms  DeleteObjects: 3.445800 ms)

Prepare: number of updated asset objects reloaded= 0
========================================================================
Received Prepare
Begin MonoManager ReloadAssembly
[Licensing::Client] Successfully resolved entitlement details
[Licensing::Module] License group:
  Id: F4-TWEP-24VP-ZS6R-YX9T-XXXX
  Product: Unity Personal
  Type: ULF
  Expiration: Unlimited
[Licensing::Module] License group:
  Id: 20066262259733-UnityPersXXXX
  Product: Unity Personal
  Type: Assigned
  Expiration: Unlimited
- Loaded All Assemblies, in  0.761 seconds
Refreshing native plugins compatible for Editor in 1.35 ms, found 4 plugins.
Native extension for WindowsStandalone target not found
Mono: successfully reloaded assembly
- Finished resetting the current domain, in  0.761 seconds
Domain Reload Profiling: 1526ms
	BeginReloadAssembly (242ms)
		ExecutionOrderSort (0ms)
		DisableScriptedObjects (17ms)
		BackupInstance (0ms)
		ReleaseScriptingObjects (0ms)
		CreateAndSetChildDomain (55ms)
	RebuildCommonClasses (34ms)
	RebuildNativeTypeToScriptingClass (13ms)
	initialDomainReloadingComplete (24ms)
	LoadAllAssembliesAndSetupDomain (451ms)
		LoadAssemblies (350ms)
		RebuildTransferFunctionScriptingTraits (0ms)
		AnalyzeDomain (210ms)
			TypeCache.Refresh (8ms)
				TypeCache.ScanAssembly (0ms)
			BuildScriptInfoCaches (187ms)
			ResolveRequiredComponents (10ms)
	FinalizeReload (762ms)
		ReleaseScriptCaches (0ms)
		RebuildScriptCaches (0ms)
		SetupLoadedEditorAssemblies (597ms)
			LogAssemblyErrors (0ms)
			InitializePlatformSupportModulesInManaged (1ms)
			SetLoadedEditorAssemblies (7ms)
			BeforeProcessingInitializeOnLoad (137ms)
			ProcessInitializeOnLoadAttributes (384ms)
			ProcessInitializeOnLoadMethodAttributes (65ms)
			AfterProcessingInitializeOnLoad (2ms)
			EditorAssembliesLoaded (1ms)
		ExecutionOrderSort2 (0ms)
		AwakeInstancesAfterBackupRestoration (17ms)
Refreshing native plugins compatible for Editor in 1.47 ms, found 4 plugins.
Preloading 0 native plugins for Editor in 0.00 ms.
Unloading 14 Unused Serialized files (Serialized files now loaded: 0)
Unloading 6738 unused Assets / (4.7 MB). Loaded Objects now: 7645.
Memory consumption went from 217.7 MB to 213.0 MB.
Total: 11.343800 ms (FindLiveObjects: 1.105400 ms CreateObjectMapping: 0.875800 ms MarkObjects: 5.664900 ms  DeleteObjects: 3.696100 ms)

Prepare: number of updated asset objects reloaded= 0
========================================================================
Received Prepare
Begin MonoManager ReloadAssembly
[Licensing::Client] Successfully resolved entitlement details
[Licensing::Module] License group:
  Id: F4-TWEP-24VP-ZS6R-YX9T-XXXX
  Product: Unity Personal
  Type: ULF
  Expiration: Unlimited
[Licensing::Module] License group:
  Id: 20066262259733-UnityPersXXXX
  Product: Unity Personal
  Type: Assigned
  Expiration: Unlimited
- Loaded All Assemblies, in  0.730 seconds
Refreshing native plugins compatible for Editor in 1.41 ms, found 4 plugins.
Native extension for WindowsStandalone target not found
Mono: successfully reloaded assembly
- Finished resetting the current domain, in  0.764 seconds
Domain Reload Profiling: 1497ms
	BeginReloadAssembly (227ms)
		ExecutionOrderSort (0ms)
		DisableScriptedObjects (16ms)
		BackupInstance (0ms)
		ReleaseScriptingObjects (0ms)
		CreateAndSetChildDomain (51ms)
	RebuildCommonClasses (33ms)
	RebuildNativeTypeToScriptingClass (12ms)
	initialDomainReloadingComplete (24ms)
	LoadAllAssembliesAndSetupDomain (436ms)
		LoadAssemblies (338ms)
		RebuildTransferFunctionScriptingTraits (0ms)
		AnalyzeDomain (203ms)
			TypeCache.Refresh (9ms)
				TypeCache.ScanAssembly (0ms)
			BuildScriptInfoCaches (179ms)
			ResolveRequiredComponents (10ms)
	FinalizeReload (765ms)
		ReleaseScriptCaches (0ms)
		RebuildScriptCaches (0ms)
		SetupLoadedEditorAssemblies (602ms)
			LogAssemblyErrors (0ms)
			InitializePlatformSupportModulesInManaged (2ms)
			SetLoadedEditorAssemblies (6ms)
			BeforeProcessingInitializeOnLoad (133ms)
			ProcessInitializeOnLoadAttributes (393ms)
			ProcessInitializeOnLoadMethodAttributes (66ms)
			AfterProcessingInitializeOnLoad (2ms)
			EditorAssembliesLoaded (1ms)
		ExecutionOrderSort2 (0ms)
		AwakeInstancesAfterBackupRestoration (18ms)
Refreshing native plugins compatible for Editor in 1.52 ms, found 4 plugins.
Preloading 0 native plugins for Editor in 0.00 ms.
Unloading 14 Unused Serialized files (Serialized files now loaded: 0)
Unloading 6738 unused Assets / (4.3 MB). Loaded Objects now: 7647.
Memory consumption went from 219.8 MB to 215.4 MB.
Total: 11.224400 ms (FindLiveObjects: 1.004700 ms CreateObjectMapping: 1.285400 ms MarkObjects: 5.584500 ms  DeleteObjects: 3.347400 ms)

Prepare: number of updated asset objects reloaded= 0
========================================================================
Received Import Request.
  Time since last request: 1728.321371 seconds.
  path: Assets/GameController.cs
  artifactKey: Guid(b72bf058b11cdfc4a820e55a3546fc4e) Importer(815301076,1909f56bfc062723c751e8b465ee728b)
Start importing Assets/GameController.cs using Guid(b72bf058b11cdfc4a820e55a3546fc4e) Importer(815301076,1909f56bfc062723c751e8b465ee728b) (PreviewImporter) -> (artifact id: '518f104a5c425fcf38dd3bdf6d1f2e58') in 0.0035121 seconds
Number of updated asset objects reloaded before import = 0Number of asset objects unloaded after import = 0

========================================================================
Received Import Request.
  Time since last request: 406.221784 seconds.
  path: Assets/TileSets
  artifactKey: Guid(96d7a2f80a700e348a6183728a66f95e) Importer(815301076,1909f56bfc062723c751e8b465ee728b)
Start importing Assets/TileSets using Guid(96d7a2f80a700e348a6183728a66f95e) Importer(815301076,1909f56bfc062723c751e8b465ee728b) (PreviewImporter) -> (artifact id: '4f7c25e4b4cfef070f0cfee115bf209c') in 0.0014364 seconds
Number of updated asset objects reloaded before import = 0Number of asset objects unloaded after import = 0

========================================================================
Received Import Request.
  Time since last request: 15.373168 seconds.
  path: Assets/TileSets/Background_01.png
  artifactKey: Guid(3a0614f6562dcdf498e61b04f7c5a467) Importer(815301076,1909f56bfc062723c751e8b465ee728b)
Start importing Assets/TileSets/Background_01.png using Guid(3a0614f6562dcdf498e61b04f7c5a467) Importer(815301076,1909f56bfc062723c751e8b465ee728b) (PreviewImporter) -> (artifact id: 'ebb60259c3ec0d594b1cee7dacbb9d6e') in 0.0838316 seconds
Number of updated asset objects reloaded before import = 0Number of asset objects unloaded after import = 3

========================================================================
Received Import Request.
  Time since last request: 0.000020 seconds.
  path: Assets/TileSets/Stone_01.png
  artifactKey: Guid(38799c39338352f4baffae66975fa7ef) Importer(815301076,1909f56bfc062723c751e8b465ee728b)
Start importing Assets/TileSets/Stone_01.png using Guid(38799c39338352f4baffae66975fa7ef) Importer(815301076,1909f56bfc062723c751e8b465ee728b) (PreviewImporter) -> (artifact id: 'a99cdf3ff51f2b11475cfd4c7d7caf13') in 0.0208442 seconds
Number of updated asset objects reloaded before import = 0Number of asset objects unloaded after import = 3

========================================================================
Received Import Request.
  Time since last request: 62.537977 seconds.
  path: Assets/TileSets/Background_01.png
  artifactKey: Guid(3a0614f6562dcdf498e61b04f7c5a467) Importer(815301076,1909f56bfc062723c751e8b465ee728b)
Start importing Assets/TileSets/Background_01.png using Guid(3a0614f6562dcdf498e61b04f7c5a467) Importer(815301076,1909f56bfc062723c751e8b465ee728b) (PreviewImporter) -> (artifact id: '14565a8bc4b613ebfd12c28a87a387ab') in 0.0178975 seconds
Number of updated asset objects reloaded before import = 0Number of asset objects unloaded after import = 3

========================================================================
Received Import Request.
  Time since last request: 13.501892 seconds.
  path: Assets/TileSets/Stone_01.png
  artifactKey: Guid(38799c39338352f4baffae66975fa7ef) Importer(815301076,1909f56bfc062723c751e8b465ee728b)
Start importing Assets/TileSets/Stone_01.png using Guid(38799c39338352f4baffae66975fa7ef) Importer(815301076,1909f56bfc062723c751e8b465ee728b) (PreviewImporter) -> (artifact id: '52a3319abd5244361a5f59321155afb9') in 0.0185492 seconds
Number of updated asset objects reloaded before import = 0Number of asset objects unloaded after import = 3

========================================================================
Received Import Request.
  Time since last request: 0.000018 seconds.
  path: Assets/TileSets/Grass_01.png
  artifactKey: Guid(79a899fea31bab74283c91646a94a21a) Importer(815301076,1909f56bfc062723c751e8b465ee728b)
Start importing Assets/TileSets/Grass_01.png using Guid(79a899fea31bab74283c91646a94a21a) Importer(815301076,1909f56bfc062723c751e8b465ee728b) (PreviewImporter) -> (artifact id: '14cbec92c58f176fc9d7647e933694af') in 0.0181722 seconds
Number of updated asset objects reloaded before import = 0Number of asset objects unloaded after import = 3

========================================================================
Received Import Request.
  Time since last request: 7.851709 seconds.
  path: Assets/TileSets/Background_01.asset
  artifactKey: Guid(cb5ad39e79720bd4088f75e3aeba63e0) Importer(815301076,1909f56bfc062723c751e8b465ee728b)
Start importing Assets/TileSets/Background_01.asset using Guid(cb5ad39e79720bd4088f75e3aeba63e0) Importer(815301076,1909f56bfc062723c751e8b465ee728b) (PreviewImporter) -> (artifact id: '071001afc974980e26aab81747ba639e') in 0.0909146 seconds
Number of updated asset objects reloaded before import = 0Number of asset objects unloaded after import = 3

========================================================================
Received Import Request.
  Time since last request: 4.972181 seconds.
  path: Assets/TileSets/Grass_01_0.asset
  artifactKey: Guid(886715bec74a3f547af1b7482fe59be7) Importer(815301076,1909f56bfc062723c751e8b465ee728b)
Start importing Assets/TileSets/Grass_01_0.asset using Guid(886715bec74a3f547af1b7482fe59be7) Importer(815301076,1909f56bfc062723c751e8b465ee728b) (PreviewImporter) -> (artifact id: '5efbcf0c09657ddb1618003ee11bf7b8') in 0.0189278 seconds
Number of updated asset objects reloaded before import = 0Number of asset objects unloaded after import = 3

========================================================================
Received Import Request.
  Time since last request: 54.729019 seconds.
  path: Assets/TileSets/Grass_01_0.asset
  artifactKey: Guid(886715bec74a3f547af1b7482fe59be7) Importer(815301076,1909f56bfc062723c751e8b465ee728b)
Start importing Assets/TileSets/Grass_01_0.asset using Guid(886715bec74a3f547af1b7482fe59be7) Importer(815301076,1909f56bfc062723c751e8b465ee728b) (PreviewImporter) -> (artifact id: '292bb64e40f2152f70f850d07fb06675') in 0.0155743 seconds
Number of updated asset objects reloaded before import = 0Number of asset objects unloaded after import = 3

========================================================================
Received Prepare
Begin MonoManager ReloadAssembly
[Licensing::Client] Successfully resolved entitlement details
[Licensing::Module] License group:
  Id: F4-TWEP-24VP-ZS6R-YX9T-XXXX
  Product: Unity Personal
  Type: ULF
  Expiration: Unlimited
[Licensing::Module] License group:
  Id: 20066262259733-UnityPersXXXX
  Product: Unity Personal
  Type: Assigned
  Expiration: Unlimited
- Loaded All Assemblies, in  0.786 seconds
Refreshing native plugins compatible for Editor in 1.52 ms, found 4 plugins.
Native extension for WindowsStandalone target not found
Mono: successfully reloaded assembly
- Finished resetting the current domain, in  0.779 seconds
Domain Reload Profiling: 1568ms
	BeginReloadAssembly (254ms)
		ExecutionOrderSort (0ms)
		DisableScriptedObjects (19ms)
		BackupInstance (0ms)
		ReleaseScriptingObjects (0ms)
		CreateAndSetChildDomain (54ms)
	RebuildCommonClasses (35ms)
	RebuildNativeTypeToScriptingClass (12ms)
	initialDomainReloadingComplete (27ms)
	LoadAllAssembliesAndSetupDomain (461ms)
		LoadAssemblies (358ms)
		RebuildTransferFunctionScriptingTraits (0ms)
		AnalyzeDomain (227ms)
			TypeCache.Refresh (9ms)
				TypeCache.ScanAssembly (0ms)
			BuildScriptInfoCaches (200ms)
			ResolveRequiredComponents (13ms)
	FinalizeReload (779ms)
		ReleaseScriptCaches (0ms)
		RebuildScriptCaches (0ms)
		SetupLoadedEditorAssemblies (623ms)
			LogAssemblyErrors (0ms)
			InitializePlatformSupportModulesInManaged (1ms)
			SetLoadedEditorAssemblies (6ms)
			BeforeProcessingInitializeOnLoad (143ms)
			ProcessInitializeOnLoadAttributes (397ms)
			ProcessInitializeOnLoadMethodAttributes (73ms)
			AfterProcessingInitializeOnLoad (2ms)
			EditorAssembliesLoaded (1ms)
		ExecutionOrderSort2 (0ms)
		AwakeInstancesAfterBackupRestoration (16ms)
Refreshing native plugins compatible for Editor in 2.21 ms, found 4 plugins.
Preloading 0 native plugins for Editor in 0.00 ms.
Unloading 14 Unused Serialized files (Serialized files now loaded: 0)
Unloading 6738 unused Assets / (5.0 MB). Loaded Objects now: 7653.
Memory consumption went from 161.1 MB to 156.1 MB.
Total: 11.696500 ms (FindLiveObjects: 1.002700 ms CreateObjectMapping: 0.899100 ms MarkObjects: 4.868400 ms  DeleteObjects: 4.924900 ms)

Prepare: number of updated asset objects reloaded= 0
========================================================================
Received Import Request.
  Time since last request: 327.789737 seconds.
  path: Assets/Resources/RatPlayer.prefab
  artifactKey: Guid(7a9aa9a84e6ca644ea9a64c1cc73da37) Importer(815301076,1909f56bfc062723c751e8b465ee728b)
Start importing Assets/Resources/RatPlayer.prefab using Guid(7a9aa9a84e6ca644ea9a64c1cc73da37) Importer(815301076,1909f56bfc062723c751e8b465ee728b) (PreviewImporter) -> (artifact id: 'f281b637a137a70a11651ea82843f4c7') in 0.4568325 seconds
Number of updated asset objects reloaded before import = 0Number of asset objects unloaded after import = 32

========================================================================
Received Import Request.
  Time since last request: 2.394083 seconds.
  path: Assets/New Tile Palette.prefab
  artifactKey: Guid(f6e1b74cb37de384db489b67580f3e6d) Importer(815301076,1909f56bfc062723c751e8b465ee728b)
Start importing Assets/New Tile Palette.prefab using Guid(f6e1b74cb37de384db489b67580f3e6d) Importer(815301076,1909f56bfc062723c751e8b465ee728b) (PreviewImporter) -> (artifact id: 'f0e06a1edf4224718e30261ea6e367e2') in 0.0228831 seconds
Number of updated asset objects reloaded before import = 0Number of asset objects unloaded after import = 22

========================================================================
Received Import Request.
  Time since last request: 26.810630 seconds.
  path: Assets/Floor.prefab
  artifactKey: Guid(37ea96514e551bb48a8f02c39bb0076d) Importer(815301076,1909f56bfc062723c751e8b465ee728b)
Start importing Assets/Floor.prefab using Guid(37ea96514e551bb48a8f02c39bb0076d) Importer(815301076,1909f56bfc062723c751e8b465ee728b) (PreviewImporter) -> (artifact id: 'b2ee41ef02c579509927389eb439b802') in 0.0184082 seconds
Number of updated asset objects reloaded before import = 0Number of asset objects unloaded after import = 18

========================================================================
Received Import Request.
  Time since last request: 69.258425 seconds.
  path: Assets/TileSets/Grass_01.png
  artifactKey: Guid(79a899fea31bab74283c91646a94a21a) Importer(815301076,1909f56bfc062723c751e8b465ee728b)
Start importing Assets/TileSets/Grass_01.png using Guid(79a899fea31bab74283c91646a94a21a) Importer(815301076,1909f56bfc062723c751e8b465ee728b) (PreviewImporter) -> (artifact id: '9124899983d421dcdb79cc70565bb288') in 0.0333638 seconds
Number of updated asset objects reloaded before import = 0Number of asset objects unloaded after import = 3

========================================================================
Received Import Request.
  Time since last request: 260.700757 seconds.
  path: Assets/Floor.prefab
  artifactKey: Guid(37ea96514e551bb48a8f02c39bb0076d) Importer(815301076,1909f56bfc062723c751e8b465ee728b)
Start importing Assets/Floor.prefab using Guid(37ea96514e551bb48a8f02c39bb0076d) Importer(815301076,1909f56bfc062723c751e8b465ee728b) (PreviewImporter) -> (artifact id: '899953791c281d781aef06d12dd932aa') in 0.0243829 seconds
Number of updated asset objects reloaded before import = 0Number of asset objects unloaded after import = 18

========================================================================
Received Import Request.
  Time since last request: 103.278628 seconds.
  path: Assets/Floor.prefab
  artifactKey: Guid(37ea96514e551bb48a8f02c39bb0076d) Importer(815301076,1909f56bfc062723c751e8b465ee728b)
Start importing Assets/Floor.prefab using Guid(37ea96514e551bb48a8f02c39bb0076d) Importer(815301076,1909f56bfc062723c751e8b465ee728b) (PreviewImporter) -> (artifact id: '45c3a260230b12795a7fbdafa71775c1') in 0.0104223 seconds
Number of updated asset objects reloaded before import = 0Number of asset objects unloaded after import = 18

========================================================================
Received Import Request.
  Time since last request: 5.424878 seconds.
  path: Assets/Floor.prefab
  artifactKey: Guid(37ea96514e551bb48a8f02c39bb0076d) Importer(815301076,1909f56bfc062723c751e8b465ee728b)
Start importing Assets/Floor.prefab using Guid(37ea96514e551bb48a8f02c39bb0076d) Importer(815301076,1909f56bfc062723c751e8b465ee728b) (PreviewImporter) -> (artifact id: 'cc8b5df62142624d18213aa7eadd8170') in 0.0086498 seconds
Number of updated asset objects reloaded before import = 0Number of asset objects unloaded after import = 18

========================================================================
Received Import Request.
  Time since last request: 18.377006 seconds.
  path: Assets/Floor.prefab
  artifactKey: Guid(37ea96514e551bb48a8f02c39bb0076d) Importer(815301076,1909f56bfc062723c751e8b465ee728b)
Start importing Assets/Floor.prefab using Guid(37ea96514e551bb48a8f02c39bb0076d) Importer(815301076,1909f56bfc062723c751e8b465ee728b) (PreviewImporter) -> (artifact id: 'c266eb6bbe3690c41b50d8b9eb16d320') in 0.0088833 seconds
Number of updated asset objects reloaded before import = 0Number of asset objects unloaded after import = 18

========================================================================
Received Import Request.
  Time since last request: 60.744741 seconds.
  path: Assets/TileSets/Background_02.png
  artifactKey: Guid(dfcd8e18f90413149a70bcb7f31b6e97) Importer(815301076,1909f56bfc062723c751e8b465ee728b)
Start importing Assets/TileSets/Background_02.png using Guid(dfcd8e18f90413149a70bcb7f31b6e97) Importer(815301076,1909f56bfc062723c751e8b465ee728b) (PreviewImporter) -> (artifact id: 'baf9cde241811a873eb236179ffe83d5') in 0.0189506 seconds
Number of updated asset objects reloaded before import = 0Number of asset objects unloaded after import = 3

========================================================================
Received Import Request.
  Time since last request: 68.397411 seconds.
  path: Assets/TileSets/Grass_01.png
  artifactKey: Guid(79a899fea31bab74283c91646a94a21a) Importer(815301076,1909f56bfc062723c751e8b465ee728b)
Start importing Assets/TileSets/Grass_01.png using Guid(79a899fea31bab74283c91646a94a21a) Importer(815301076,1909f56bfc062723c751e8b465ee728b) (PreviewImporter) -> (artifact id: '1f0c8c051f02bed75308035a78e2eac8') in 0.0093025 seconds
Number of updated asset objects reloaded before import = 0Number of asset objects unloaded after import = 3

========================================================================
Received Import Request.
  Time since last request: 10.571191 seconds.
  path: Assets/TileSets/Grass_01.png
  artifactKey: Guid(79a899fea31bab74283c91646a94a21a) Importer(815301076,1909f56bfc062723c751e8b465ee728b)
Start importing Assets/TileSets/Grass_01.png using Guid(79a899fea31bab74283c91646a94a21a) Importer(815301076,1909f56bfc062723c751e8b465ee728b) (PreviewImporter) -> (artifact id: 'ff5eaca8b1a03be4f508bd959974b89c') in 0.0098396 seconds
Number of updated asset objects reloaded before import = 0Number of asset objects unloaded after import = 3

========================================================================
Received Import Request.
  Time since last request: 18.665152 seconds.
  path: Assets/TileSets/Grass_01.png
  artifactKey: Guid(79a899fea31bab74283c91646a94a21a) Importer(815301076,1909f56bfc062723c751e8b465ee728b)
Start importing Assets/TileSets/Grass_01.png using Guid(79a899fea31bab74283c91646a94a21a) Importer(815301076,1909f56bfc062723c751e8b465ee728b) (PreviewImporter) -> (artifact id: '46dc04dda1fdfbb174e73ad13701a074') in 0.0106388 seconds
Number of updated asset objects reloaded before import = 0Number of asset objects unloaded after import = 3

========================================================================
Received Import Request.
  Time since last request: 8.906509 seconds.
  path: Assets/TileSets/Grass_01.png
  artifactKey: Guid(79a899fea31bab74283c91646a94a21a) Importer(815301076,1909f56bfc062723c751e8b465ee728b)
Start importing Assets/TileSets/Grass_01.png using Guid(79a899fea31bab74283c91646a94a21a) Importer(815301076,1909f56bfc062723c751e8b465ee728b) (PreviewImporter) -> (artifact id: '1421c5845648e272233ced79476d097a') in 0.0118166 seconds
Number of updated asset objects reloaded before import = 0Number of asset objects unloaded after import = 3

========================================================================
Received Import Request.
  Time since last request: 23.828806 seconds.
  path: Assets/TileSets/Grass_01.png
  artifactKey: Guid(79a899fea31bab74283c91646a94a21a) Importer(815301076,1909f56bfc062723c751e8b465ee728b)
Start importing Assets/TileSets/Grass_01.png using Guid(79a899fea31bab74283c91646a94a21a) Importer(815301076,1909f56bfc062723c751e8b465ee728b) (PreviewImporter) -> (artifact id: '142f42451283b523a7be6e25cebb0d73') in 0.0160588 seconds
Number of updated asset objects reloaded before import = 0Number of asset objects unloaded after import = 3

========================================================================
Received Import Request.
  Time since last request: 41.334804 seconds.
  path: Assets/TileSets/Grass_01.png
  artifactKey: Guid(79a899fea31bab74283c91646a94a21a) Importer(815301076,1909f56bfc062723c751e8b465ee728b)
Start importing Assets/TileSets/Grass_01.png using Guid(79a899fea31bab74283c91646a94a21a) Importer(815301076,1909f56bfc062723c751e8b465ee728b) (PreviewImporter) -> (artifact id: '86f249b2bc235274bc9fc7744dad2b62') in 0.0100861 seconds
Number of updated asset objects reloaded before import = 0Number of asset objects unloaded after import = 3

========================================================================
Received Import Request.
  Time since last request: 5.579347 seconds.
  path: Assets/TileSets/Grass_01.png
  artifactKey: Guid(79a899fea31bab74283c91646a94a21a) Importer(815301076,1909f56bfc062723c751e8b465ee728b)
Start importing Assets/TileSets/Grass_01.png using Guid(79a899fea31bab74283c91646a94a21a) Importer(815301076,1909f56bfc062723c751e8b465ee728b) (PreviewImporter) -> (artifact id: '369568207f115d503e4b6da200aed562') in 0.0187096 seconds
Number of updated asset objects reloaded before import = 0Number of asset objects unloaded after import = 3

========================================================================
Received Import Request.
  Time since last request: 97.099320 seconds.
  path: Assets/TileSets/Grass_01.png
  artifactKey: Guid(79a899fea31bab74283c91646a94a21a) Importer(815301076,1909f56bfc062723c751e8b465ee728b)
Start importing Assets/TileSets/Grass_01.png using Guid(79a899fea31bab74283c91646a94a21a) Importer(815301076,1909f56bfc062723c751e8b465ee728b) (PreviewImporter) -> (artifact id: 'b3607160bce2cd4414e5ddbcfbc51d8e') in 0.0138014 seconds
Number of updated asset objects reloaded before import = 0Number of asset objects unloaded after import = 3

========================================================================
Received Import Request.
  Time since last request: 10.120139 seconds.
  path: Assets/TileSets/Grass_01.png
  artifactKey: Guid(79a899fea31bab74283c91646a94a21a) Importer(815301076,1909f56bfc062723c751e8b465ee728b)
Start importing Assets/TileSets/Grass_01.png using Guid(79a899fea31bab74283c91646a94a21a) Importer(815301076,1909f56bfc062723c751e8b465ee728b) (PreviewImporter) -> (artifact id: '8964f65358a5610c771e87a802e07a49') in 0.0110829 seconds
Number of updated asset objects reloaded before import = 0Number of asset objects unloaded after import = 3

========================================================================
Received Import Request.
  Time since last request: 14.458499 seconds.
  path: Assets/TileSets/Grass_01.png
  artifactKey: Guid(79a899fea31bab74283c91646a94a21a) Importer(815301076,1909f56bfc062723c751e8b465ee728b)
Start importing Assets/TileSets/Grass_01.png using Guid(79a899fea31bab74283c91646a94a21a) Importer(815301076,1909f56bfc062723c751e8b465ee728b) (PreviewImporter) -> (artifact id: '6ec3ee520339042b3167d7935bed14d8') in 0.0112367 seconds
Number of updated asset objects reloaded before import = 0Number of asset objects unloaded after import = 3

========================================================================
Received Import Request.
  Time since last request: 115.767932 seconds.
  path: Assets/TileSets/Grass_01-export.png
  artifactKey: Guid(b1870120356edfc4f86c9ee9248c8d4a) Importer(815301076,1909f56bfc062723c751e8b465ee728b)
Start importing Assets/TileSets/Grass_01-export.png using Guid(b1870120356edfc4f86c9ee9248c8d4a) Importer(815301076,1909f56bfc062723c751e8b465ee728b) (PreviewImporter) -> (artifact id: '8fc1ebf34fe5ed50bc2a450a3acb0701') in 0.0175363 seconds
Number of updated asset objects reloaded before import = 0Number of asset objects unloaded after import = 3

========================================================================
Received Import Request.
  Time since last request: 13.150937 seconds.
  path: Assets/TileSets/Grass_01-export.png
  artifactKey: Guid(b1870120356edfc4f86c9ee9248c8d4a) Importer(815301076,1909f56bfc062723c751e8b465ee728b)
Start importing Assets/TileSets/Grass_01-export.png using Guid(b1870120356edfc4f86c9ee9248c8d4a) Importer(815301076,1909f56bfc062723c751e8b465ee728b) (PreviewImporter) -> (artifact id: 'd021df26c654289461038e65b0795f46') in 0.0162351 seconds
Number of updated asset objects reloaded before import = 0Number of asset objects unloaded after import = 3

========================================================================
Received Import Request.
  Time since last request: 9.289583 seconds.
  path: Assets/TileSets/Grass_01-export.asset
  artifactKey: Guid(0e52c0eafabf3be46930dcc1ab94a3f0) Importer(815301076,1909f56bfc062723c751e8b465ee728b)
Start importing Assets/TileSets/Grass_01-export.asset using Guid(0e52c0eafabf3be46930dcc1ab94a3f0) Importer(815301076,1909f56bfc062723c751e8b465ee728b) (PreviewImporter) -> (artifact id: 'edd72815f59ba28fd7a7b1e1c6c0356e') in 0.0195412 seconds
Number of updated asset objects reloaded before import = 0Number of asset objects unloaded after import = 3

========================================================================
Received Import Request.
  Time since last request: 108.511347 seconds.
  path: Assets/TileSets/Grass_01-export.asset
  artifactKey: Guid(0e52c0eafabf3be46930dcc1ab94a3f0) Importer(815301076,1909f56bfc062723c751e8b465ee728b)
Start importing Assets/TileSets/Grass_01-export.asset using Guid(0e52c0eafabf3be46930dcc1ab94a3f0) Importer(815301076,1909f56bfc062723c751e8b465ee728b) (PreviewImporter) -> (artifact id: '43fe4e2e1709816ce436c0e5769e1c96') in 0.0100996 seconds
Number of updated asset objects reloaded before import = 0Number of asset objects unloaded after import = 3

========================================================================
Received Import Request.
  Time since last request: 570.304358 seconds.
  path: Assets/Floor.prefab
  artifactKey: Guid(37ea96514e551bb48a8f02c39bb0076d) Importer(815301076,1909f56bfc062723c751e8b465ee728b)
Start importing Assets/Floor.prefab using Guid(37ea96514e551bb48a8f02c39bb0076d) Importer(815301076,1909f56bfc062723c751e8b465ee728b) (PreviewImporter) -> (artifact id: '1062ee493dbd6147acd3a7936286f095') in 0.0226576 seconds
Number of updated asset objects reloaded before import = 0Number of asset objects unloaded after import = 18

========================================================================
Received Import Request.
  Time since last request: 4.277730 seconds.
  path: Assets/Floor.prefab
  artifactKey: Guid(37ea96514e551bb48a8f02c39bb0076d) Importer(815301076,1909f56bfc062723c751e8b465ee728b)
Start importing Assets/Floor.prefab using Guid(37ea96514e551bb48a8f02c39bb0076d) Importer(815301076,1909f56bfc062723c751e8b465ee728b) (PreviewImporter) -> (artifact id: 'b941f915030687e69bbbb23b66b52195') in 0.009426 seconds
Number of updated asset objects reloaded before import = 0Number of asset objects unloaded after import = 8

========================================================================
Received Prepare
Begin MonoManager ReloadAssembly
[Licensing::Client] Successfully resolved entitlement details
[Licensing::Module] License group:
  Id: F4-TWEP-24VP-ZS6R-YX9T-XXXX
  Product: Unity Personal
  Type: ULF
  Expiration: Unlimited
[Licensing::Module] License group:
  Id: 20066262259733-UnityPersXXXX
  Product: Unity Personal
  Type: Assigned
  Expiration: Unlimited
- Loaded All Assemblies, in  0.875 seconds
Refreshing native plugins compatible for Editor in 1.45 ms, found 4 plugins.
Native extension for WindowsStandalone target not found
Mono: successfully reloaded assembly
- Finished resetting the current domain, in  0.829 seconds
Domain Reload Profiling: 1708ms
	BeginReloadAssembly (307ms)
		ExecutionOrderSort (0ms)
		DisableScriptedObjects (31ms)
		BackupInstance (0ms)
		ReleaseScriptingObjects (0ms)
		CreateAndSetChildDomain (73ms)
	RebuildCommonClasses (36ms)
	RebuildNativeTypeToScriptingClass (12ms)
	initialDomainReloadingComplete (23ms)
	LoadAllAssembliesAndSetupDomain (500ms)
		LoadAssemblies (440ms)
		RebuildTransferFunctionScriptingTraits (0ms)
		AnalyzeDomain (202ms)
			TypeCache.Refresh (8ms)
				TypeCache.ScanAssembly (0ms)
			BuildScriptInfoCaches (179ms)
			ResolveRequiredComponents (10ms)
	FinalizeReload (830ms)
		ReleaseScriptCaches (0ms)
		RebuildScriptCaches (0ms)
		SetupLoadedEditorAssemblies (616ms)
			LogAssemblyErrors (0ms)
			InitializePlatformSupportModulesInManaged (1ms)
			SetLoadedEditorAssemblies (5ms)
			BeforeProcessingInitializeOnLoad (143ms)
			ProcessInitializeOnLoadAttributes (395ms)
			ProcessInitializeOnLoadMethodAttributes (69ms)
			AfterProcessingInitializeOnLoad (2ms)
			EditorAssembliesLoaded (0ms)
		ExecutionOrderSort2 (0ms)
		AwakeInstancesAfterBackupRestoration (18ms)
Refreshing native plugins compatible for Editor in 1.67 ms, found 4 plugins.
Preloading 0 native plugins for Editor in 0.00 ms.
Unloading 14 Unused Serialized files (Serialized files now loaded: 0)
Unloading 6738 unused Assets / (4.6 MB). Loaded Objects now: 7678.
Memory consumption went from 162.9 MB to 158.3 MB.
Total: 11.197500 ms (FindLiveObjects: 0.904600 ms CreateObjectMapping: 0.954000 ms MarkObjects: 6.031900 ms  DeleteObjects: 3.305300 ms)

Prepare: number of updated asset objects reloaded= 0
